timestamp,variable,valor,etiqueta
2024-08-13T02:08:00Z,Flujo Cámara de contacto 1,1942.0,outlier
2024-08-13T02:09:00Z,Flujo Cámara de contacto 1,1882.0,outlier
2024-08-13T02:10:00Z,Flujo Cámara de contacto 1,1906.5,outlier
2024-08-13T02:11:00Z,Flujo Cámara de contacto 1,2009.0,outlier
2024-08-15T18:33:00Z,Flujo Salida de Lodo Sedimentador Secundario 3,30.55,outlier
2024-08-19T21:11:00Z,Flujo Salida de Lodo Sedimentador Secundario 3,39.55,outlier
2024-08-20T02:49:00Z,Flujo Salida de Lodo Sedimentador Secundario 3,53.9,outlier
2024-08-22T14:11:00Z,Flujo Salida de Lodo Sedimentador Secundario 3,64.65,outlier
2024-08-28T02:19:00Z,Flujo Salida de Lodo Sedimentador Secundario 3,71.45,outlier
2024-08-29T20:14:00Z,Flujo Salida de Lodo Sedimentador Secundario 3,77.35,outlier
2024-11-08T21:15:00Z,Flujo Salida de Lodo Sedimentador Secundario 3,61.7,outlier
2024-11-15T03:01:00Z,Flujo Salida de Lodo Sedimentador Secundario 3,49.45,outlier
2024-11-24T12:49:00Z,Flujo Salida de Lodo Sedimentador Secundario 3,64.3,outlier
2024-11-26T13:02:00Z,Flujo Salida de Lodo Sedimentador Secundario 3,0.0,outlier
2024-11-26T13:03:00Z,Flujo Salida de Lodo Sedimentador Secundario 3,16.9,outlier
2024-12-27T21:01:00Z,Flujo Salida de Lodo Sedimentador Secundario 3,42.0,outlier
2024-12-28T15:47:00Z,Flujo Salida de Lodo Sedimentador Secundario 3,36.75,outlier
2024-12-29T07:06:00Z,Flujo Salida de Lodo Sedimentador Secundario 3,69.35,outlier
2025-01-02T13:47:00Z,Flujo Salida de Lodo Sedimentador Secundario 3,0.45,outlier
2025-01-02T13:48:00Z,Flujo Salida de Lodo Sedimentador Secundario 3,14.6,outlier
2025-01-14T05:31:00Z,Flujo Salida de Lodo Sedimentador Secundario 3,37.9,outlier
2025-01-19T20:35:00Z,Flujo Salida de Lodo Sedimentador Secundario 3,77.8,outlier
2025-01-20T00:24:00Z,Flujo Salida de Lodo Sedimentador Secundario 3,76.35,outlier
2025-01-21T18:02:00Z,Flujo Salida de Lodo Sedimentador Secundario 3,59.1,outlier
2025-01-24T11:20:00Z,Flujo Salida de Lodo Sedimentador Secundario 3,75.2,outlier
2025-01-25T20:35:00Z,Flujo Salida de Lodo Sedimentador Secundario 3,66.1,outlier
2025-01-29T13:10:00Z,Flujo Salida de Lodo Sedimentador Secundario 3,25.7,outlier
2025-02-07T13:02:00Z,Flujo Salida de Lodo Sedimentador Secundario 3,53.85,outlier
2025-02-09T19:50:00Z,Flujo Salida de Lodo Sedimentador Secundario 3,0.45,outlier
2025-02-09T19:51:00Z,Flujo Salida de Lodo Sedimentador Secundario 3,0.6,outlier
2025-02-09T19:52:00Z,Flujo Salida de Lodo Sedimentador Secundario 3,8.6,outlier
2025-02-09T19:53:00Z,Flujo Salida de Lodo Sedimentador Secundario 3,8.75,outlier
2025-02-09T19:54:00Z,Flujo Salida de Lodo Sedimentador Secundario 3,0.45,outlier
2025-02-09T19:55:00Z,Flujo Salida de Lodo Sedimentador Secundario 3,0.6,outlier
2025-02-09T19:56:00Z,Flujo Salida de Lodo Sedimentador Secundario 3,0.45,outlier
2025-02-09T19:57:00Z,Flujo Salida de Lodo Sedimentador Secundario 3,0.1,outlier
2025-02-09T19:58:00Z,Flujo Salida de Lodo Sedimentador Secundario 3,0.0,outlier
2025-02-09T19:59:00Z,Flujo Salida de Lodo Sedimentador Secundario 3,0.0,outlier
2025-02-09T20:00:00Z,Flujo Salida de Lodo Sedimentador Secundario 3,0.6,outlier
2025-02-09T20:01:00Z,Flujo Salida de Lodo Sedimentador Secundario 3,0.45,outlier
2025-02-09T20:02:00Z,Flujo Salida de Lodo Sedimentador Secundario 3,0.0,outlier
2025-02-09T20:03:00Z,Flujo Salida de Lodo Sedimentador Secundario 3,0.0,outlier
2025-02-09T20:04:00Z,Flujo Salida de Lodo Sedimentador Secundario 3,0.25,outlier
2025-02-09T20:05:00Z,Flujo Salida de Lodo Sedimentador Secundario 3,0.0,outlier
2024-11-10T13:10:00Z,Flujo Salida de Lodo Sedimentador Secundario 3,162.05,outlier
2024-11-11T16:02:00Z,Flujo Salida de Lodo Sedimentador Secundario 3,213.2,outlier
2024-11-12T06:15:00Z,Flujo Salida de Lodo Sedimentador Secundario 3,215.5,outlier
2024-11-13T09:21:00Z,Flujo Salida de Lodo Sedimentador Secundario 3,230.0,outlier
2024-11-17T20:54:00Z,Flujo Salida de Lodo Sedimentador Secundario 3,168.25,outlier
2024-11-20T06:04:00Z,Flujo Salida de Lodo Sedimentador Secundario 3,220.7,outlier
2024-11-27T18:49:00Z,Flujo Salida de Lodo Sedimentador Secundario 3,223.15,outlier
2024-12-04T13:29:00Z,Flujo Salida de Lodo Sedimentador Secundario 3,209.4499969482422,outlier
2024-12-12T13:02:00Z,Flujo Salida de Lodo Sedimentador Secundario 3,200.8500061035156,outlier
2024-12-13T14:05:00Z,Flujo Salida de Lodo Sedimentador Secundario 3,180.3000030517578,outlier
2024-12-13T14:06:00Z,Flujo Salida de Lodo Sedimentador Secundario 3,248.3999938964844,outlier
2024-12-14T10:50:00Z,Flujo Salida de Lodo Sedimentador Secundario 3,215.3500061035156,outlier
2024-12-21T04:48:00Z,Flujo Salida de Lodo Sedimentador Secundario 3,226.75,outlier
2024-12-21T04:49:00Z,Flujo Salida de Lodo Sedimentador Secundario 3,239.8,outlier
2024-12-21T04:50:00Z,Flujo Salida de Lodo Sedimentador Secundario 3,244.8500061035156,outlier
2024-12-21T04:51:00Z,Flujo Salida de Lodo Sedimentador Secundario 3,247.4499969482422,outlier
2024-12-21T04:52:00Z,Flujo Salida de Lodo Sedimentador Secundario 3,244.65,outlier
2024-12-21T04:53:00Z,Flujo Salida de Lodo Sedimentador Secundario 3,246.4499969482422,outlier
2024-12-21T04:54:00Z,Flujo Salida de Lodo Sedimentador Secundario 3,247.1,outlier
2024-12-21T04:55:00Z,Flujo Salida de Lodo Sedimentador Secundario 3,248.5500030517578,outlier
2024-12-21T04:56:00Z,Flujo Salida de Lodo Sedimentador Secundario 3,247.8999938964844,outlier
2024-12-21T04:57:00Z,Flujo Salida de Lodo Sedimentador Secundario 3,248.1,outlier
2024-12-21T04:58:00Z,Flujo Salida de Lodo Sedimentador Secundario 3,250.3500061035156,outlier
2024-12-21T04:59:00Z,Flujo Salida de Lodo Sedimentador Secundario 3,249.05,outlier
2024-12-21T05:00:00Z,Flujo Salida de Lodo Sedimentador Secundario 3,249.05,outlier
2024-12-21T05:01:00Z,Flujo Salida de Lodo Sedimentador Secundario 3,209.0,outlier
2024-12-27T20:20:00Z,Flujo Salida de Lodo Sedimentador Secundario 3,197.1,outlier
2025-01-21T14:37:00Z,Flujo Salida de Lodo Sedimentador Secundario 3,186.5,outlier
2025-01-23T08:59:00Z,Flujo Salida de Lodo Sedimentador Secundario 3,184.05,outlier
2025-01-28T23:17:00Z,Flujo Salida de Lodo Sedimentador Secundario 3,213.7,outlier
2024-09-17T19:04:00Z,Flujo Aire Reactor 2,812.4,outlier
2024-09-18T16:43:00Z,Flujo Aire Reactor 2,597.6,outlier
2024-09-19T10:15:00Z,Flujo Aire Reactor 2,646.8,outlier
2024-09-20T02:50:00Z,Flujo Aire Reactor 2,660.0,outlier
2024-09-20T09:37:00Z,Flujo Aire Reactor 2,621.6,outlier
2024-09-20T16:49:00Z,Flujo Aire Reactor 2,594.0,outlier
2024-09-21T14:00:00Z,Flujo Aire Reactor 2,643.2,outlier
2024-09-22T14:15:00Z,Flujo Aire Reactor 2,610.8,outlier
2024-09-24T06:58:00Z,Flujo Aire Reactor 2,703.2,outlier
2024-09-27T10:17:00Z,Flujo Aire Reactor 2,655.2,outlier
2024-09-29T14:02:00Z,Flujo Aire Reactor 2,640.8,outlier
2024-10-01T09:54:00Z,Flujo Aire Reactor 2,597.6,outlier
2024-10-16T06:38:00Z,Flujo Aire Reactor 2,394.8,outlier
2024-10-17T13:04:00Z,Flujo Aire Reactor 2,402.0,outlier
2024-10-18T09:34:00Z,Flujo Aire Reactor 2,434.4,outlier
2024-10-21T02:32:00Z,Flujo Aire Reactor 2,418.8,outlier
2024-10-21T09:31:00Z,Flujo Aire Reactor 2,430.8,outlier
2024-10-21T13:03:00Z,Flujo Aire Reactor 2,435.6,outlier
2024-10-24T02:04:00Z,Flujo Aire Reactor 2,394.8,outlier
2024-10-27T06:03:00Z,Flujo Aire Reactor 2,397.2,outlier
2024-10-28T06:33:00Z,Flujo Aire Reactor 2,402.0,outlier
2024-10-28T09:32:00Z,Flujo Aire Reactor 2,405.6,outlier
2024-10-28T09:33:00Z,Flujo Aire Reactor 2,405.6,outlier
2024-10-29T21:54:00Z,Flujo Aire Reactor 2,420.0,outlier
2024-10-31T20:44:00Z,Flujo Aire Reactor 2,412.8,outlier
2024-11-02T11:38:00Z,Flujo Aire Reactor 2,403.2,outlier
2025-01-01T09:45:00Z,Flujo Aire Reactor 2,236.0,outlier
2025-01-01T09:46:00Z,Flujo Aire Reactor 2,222.0,outlier
2025-01-02T09:46:00Z,Flujo Aire Reactor 2,247.0,outlier
2024-12-14T09:10:00Z,Flujo Aire Reactor 2,220.0,outlier
2024-12-14T09:11:00Z,Flujo Aire Reactor 2,227.0,outlier
2024-12-14T09:13:00Z,Flujo Aire Reactor 2,222.0,outlier
2024-12-25T00:03:00Z,Flujo Aire Reactor 2,190.0,outlier
2024-12-28T16:12:00Z,Flujo Aire Reactor 2,198.0,outlier
2024-12-29T01:24:00Z,Flujo Aire Reactor 2,202.0,outlier
2024-12-30T00:20:00Z,Flujo Aire Reactor 2,199.0,outlier
2024-08-14T20:49:00Z,Nivel Pozo WAS,6.3,outlier
2024-11-09T04:14:00Z,Nivel Pozo WAS,4.407,outlier
2024-11-09T04:16:00Z,Nivel Pozo WAS,4.399,outlier
2024-11-09T04:17:00Z,Nivel Pozo WAS,4.3845,outlier
2024-11-09T04:20:00Z,Nivel Pozo WAS,4.409,outlier
2024-11-09T04:22:00Z,Nivel Pozo WAS,4.393,outlier
2024-11-09T04:23:00Z,Nivel Pozo WAS,4.399,outlier
2024-11-09T04:25:00Z,Nivel Pozo WAS,4.403,outlier
2024-11-09T04:27:00Z,Nivel Pozo WAS,4.43,outlier
2024-11-09T04:28:00Z,Nivel Pozo WAS,4.423,outlier
2024-11-09T04:32:00Z,Nivel Pozo WAS,4.372,outlier
2024-11-09T04:34:00Z,Nivel Pozo WAS,4.393,outlier
2024-11-09T04:35:00Z,Nivel Pozo WAS,4.409,outlier
2024-11-09T04:37:00Z,Nivel Pozo WAS,4.374,outlier
2024-11-09T04:38:00Z,Nivel Pozo WAS,4.396,outlier
2024-11-09T04:39:00Z,Nivel Pozo WAS,4.421,outlier
2024-11-09T04:40:00Z,Nivel Pozo WAS,4.415,outlier
2024-11-09T04:41:00Z,Nivel Pozo WAS,4.388,outlier
2024-11-09T04:42:00Z,Nivel Pozo WAS,4.372,outlier
2024-11-09T04:43:00Z,Nivel Pozo WAS,4.3885000000000005,outlier
2024-11-09T04:45:00Z,Nivel Pozo WAS,4.392,outlier
2024-11-09T04:47:00Z,Nivel Pozo WAS,4.427,outlier
2024-11-09T04:48:00Z,Nivel Pozo WAS,4.399,outlier
2024-11-09T04:49:00Z,Nivel Pozo WAS,4.396,outlier
2024-11-09T04:50:00Z,Nivel Pozo WAS,4.393,outlier
2024-11-09T04:51:00Z,Nivel Pozo WAS,4.407,outlier
2024-11-09T04:52:00Z,Nivel Pozo WAS,4.393,outlier
2024-11-09T04:53:00Z,Nivel Pozo WAS,4.417,outlier
2024-11-09T04:54:00Z,Nivel Pozo WAS,4.417,outlier
2024-11-09T04:55:00Z,Nivel Pozo WAS,4.407,outlier
2024-11-09T04:58:00Z,Nivel Pozo WAS,4.393,outlier
2024-11-09T04:59:00Z,Nivel Pozo WAS,4.399,outlier
2024-11-09T05:03:00Z,Nivel Pozo WAS,4.391,outlier
2024-11-09T05:05:00Z,Nivel Pozo WAS,4.407,outlier
2024-11-09T05:06:00Z,Nivel Pozo WAS,4.423,outlier
2024-11-09T05:07:00Z,Nivel Pozo WAS,4.37,outlier
2024-11-09T05:08:00Z,Nivel Pozo WAS,4.393,outlier
2024-11-09T05:11:00Z,Nivel Pozo WAS,4.39,outlier
2024-11-09T05:21:00Z,Nivel Pozo WAS,4.417,outlier
2024-11-09T05:22:00Z,Nivel Pozo WAS,4.382,outlier
2024-11-09T05:23:00Z,Nivel Pozo WAS,4.413,outlier
2024-11-09T05:28:00Z,Nivel Pozo WAS,4.419,outlier
2024-11-09T05:30:00Z,Nivel Pozo WAS,4.382,outlier
2024-11-09T05:33:00Z,Nivel Pozo WAS,4.362,outlier
2024-11-09T05:34:00Z,Nivel Pozo WAS,4.384,outlier
2024-11-09T05:35:00Z,Nivel Pozo WAS,4.376,outlier
2024-11-09T05:36:00Z,Nivel Pozo WAS,4.403,outlier
2024-11-09T05:38:00Z,Nivel Pozo WAS,4.38,outlier
2024-11-09T05:39:00Z,Nivel Pozo WAS,4.364,outlier
2024-11-09T05:42:00Z,Nivel Pozo WAS,4.362,outlier
2024-11-09T05:44:00Z,Nivel Pozo WAS,4.378,outlier
2024-11-09T05:48:00Z,Nivel Pozo WAS,4.378,outlier
2024-11-09T05:49:00Z,Nivel Pozo WAS,4.376,outlier
2024-11-09T05:56:00Z,Nivel Pozo WAS,4.396,outlier
2024-11-09T06:01:00Z,Nivel Pozo WAS,4.384,outlier
2024-11-09T06:03:00Z,Nivel Pozo WAS,4.421,outlier
2024-11-09T06:04:00Z,Nivel Pozo WAS,4.399,outlier
2024-11-09T06:05:00Z,Nivel Pozo WAS,4.39,outlier
2024-11-09T06:06:00Z,Nivel Pozo WAS,4.388,outlier
2024-11-09T06:08:00Z,Nivel Pozo WAS,4.384,outlier
2024-11-09T06:09:00Z,Nivel Pozo WAS,4.368,outlier
2024-11-09T06:13:00Z,Nivel Pozo WAS,4.39,outlier
2024-11-09T06:15:00Z,Nivel Pozo WAS,4.376,outlier
2024-11-09T06:16:00Z,Nivel Pozo WAS,4.393,outlier
2024-11-09T06:17:00Z,Nivel Pozo WAS,4.362,outlier
2024-11-09T06:18:00Z,Nivel Pozo WAS,4.366,outlier
2024-11-09T06:21:00Z,Nivel Pozo WAS,4.384,outlier
2024-11-09T06:22:00Z,Nivel Pozo WAS,4.397,outlier
2024-11-09T06:24:00Z,Nivel Pozo WAS,4.382,outlier
2024-11-09T06:26:00Z,Nivel Pozo WAS,4.374,outlier
2024-11-09T06:29:00Z,Nivel Pozo WAS,4.401,outlier
2024-11-09T06:30:00Z,Nivel Pozo WAS,4.37,outlier
2024-11-09T06:34:00Z,Nivel Pozo WAS,4.39,outlier
2024-11-09T06:36:00Z,Nivel Pozo WAS,4.38,outlier
2024-11-09T06:37:00Z,Nivel Pozo WAS,4.368,outlier
2024-11-09T06:39:00Z,Nivel Pozo WAS,4.384,outlier
2024-11-09T06:40:00Z,Nivel Pozo WAS,4.407,outlier
2024-11-09T06:41:00Z,Nivel Pozo WAS,4.399,outlier
2024-11-09T06:42:00Z,Nivel Pozo WAS,4.366,outlier
2024-11-09T06:43:00Z,Nivel Pozo WAS,4.399,outlier
2024-11-09T06:44:00Z,Nivel Pozo WAS,4.403,outlier
2024-11-09T06:45:00Z,Nivel Pozo WAS,4.385,outlier
2024-11-09T06:46:00Z,Nivel Pozo WAS,4.399,outlier
2024-11-09T06:47:00Z,Nivel Pozo WAS,4.411,outlier
2024-11-09T06:49:00Z,Nivel Pozo WAS,4.399,outlier
2024-11-09T06:50:00Z,Nivel Pozo WAS,4.393,outlier
2024-11-09T06:52:00Z,Nivel Pozo WAS,4.391,outlier
2024-11-09T06:53:00Z,Nivel Pozo WAS,4.378,outlier
2024-11-09T06:56:00Z,Nivel Pozo WAS,4.376,outlier
2024-11-09T06:57:00Z,Nivel Pozo WAS,4.372,outlier
2024-11-09T06:58:00Z,Nivel Pozo WAS,4.364,outlier
2024-11-09T06:59:00Z,Nivel Pozo WAS,4.388,outlier
2024-11-09T07:00:00Z,Nivel Pozo WAS,4.409,outlier
2024-11-09T07:01:00Z,Nivel Pozo WAS,4.388,outlier
2024-11-09T07:02:00Z,Nivel Pozo WAS,4.362,outlier
2024-11-09T07:03:00Z,Nivel Pozo WAS,4.372,outlier
2024-11-09T07:04:00Z,Nivel Pozo WAS,4.368,outlier
2024-11-09T07:05:00Z,Nivel Pozo WAS,4.384,outlier
2024-11-09T07:08:00Z,Nivel Pozo WAS,4.38,outlier
2024-11-09T07:09:00Z,Nivel Pozo WAS,4.403,outlier
2024-11-09T07:10:00Z,Nivel Pozo WAS,4.378,outlier
2024-11-09T07:11:00Z,Nivel Pozo WAS,4.378,outlier
2024-11-09T07:13:00Z,Nivel Pozo WAS,4.388,outlier
2024-11-09T07:14:00Z,Nivel Pozo WAS,4.409,outlier
2024-11-09T07:15:00Z,Nivel Pozo WAS,4.376,outlier
2024-11-09T07:16:00Z,Nivel Pozo WAS,4.364,outlier
2024-11-09T07:17:00Z,Nivel Pozo WAS,4.368,outlier
2024-11-09T07:18:00Z,Nivel Pozo WAS,4.362,outlier
2024-11-09T07:19:00Z,Nivel Pozo WAS,4.393,outlier
2024-11-09T07:20:00Z,Nivel Pozo WAS,4.399,outlier
2024-11-09T07:21:00Z,Nivel Pozo WAS,4.362,outlier
2024-11-09T07:22:00Z,Nivel Pozo WAS,4.399,outlier
2024-11-09T07:23:00Z,Nivel Pozo WAS,4.376,outlier
2024-11-09T07:24:00Z,Nivel Pozo WAS,4.391,outlier
2024-11-09T07:25:00Z,Nivel Pozo WAS,4.382,outlier
2024-11-09T07:26:00Z,Nivel Pozo WAS,4.391,outlier
2024-11-09T07:27:00Z,Nivel Pozo WAS,4.403,outlier
2024-11-09T07:28:00Z,Nivel Pozo WAS,4.362,outlier
2024-11-09T07:29:00Z,Nivel Pozo WAS,4.378,outlier
2024-11-09T07:30:00Z,Nivel Pozo WAS,4.391,outlier
2024-11-09T07:31:00Z,Nivel Pozo WAS,4.405,outlier
2024-11-09T07:32:00Z,Nivel Pozo WAS,4.378,outlier
2024-11-09T07:33:00Z,Nivel Pozo WAS,4.37,outlier
2024-11-09T07:34:00Z,Nivel Pozo WAS,4.384,outlier
2024-11-09T07:35:00Z,Nivel Pozo WAS,4.364,outlier
2024-11-09T07:36:00Z,Nivel Pozo WAS,4.378,outlier
2024-11-09T07:37:00Z,Nivel Pozo WAS,4.37,outlier
2024-11-09T07:38:00Z,Nivel Pozo WAS,4.376,outlier
2024-11-09T07:39:00Z,Nivel Pozo WAS,4.39,outlier
2024-11-09T07:40:00Z,Nivel Pozo WAS,4.372,outlier
2024-11-09T07:41:00Z,Nivel Pozo WAS,4.38,outlier
2024-11-09T07:42:00Z,Nivel Pozo WAS,4.411,outlier
2024-11-09T07:43:00Z,Nivel Pozo WAS,4.397,outlier
2024-11-09T07:44:00Z,Nivel Pozo WAS,4.364,outlier
2024-11-09T07:45:00Z,Nivel Pozo WAS,4.385,outlier
2024-11-09T07:46:00Z,Nivel Pozo WAS,4.362,outlier
2024-11-09T07:47:00Z,Nivel Pozo WAS,4.39,outlier
2024-11-09T07:48:00Z,Nivel Pozo WAS,4.399,outlier
2024-11-09T07:49:00Z,Nivel Pozo WAS,4.384,outlier
2024-11-09T07:50:00Z,Nivel Pozo WAS,4.378,outlier
2024-11-09T07:51:00Z,Nivel Pozo WAS,4.409,outlier
2024-11-09T07:52:00Z,Nivel Pozo WAS,4.405,outlier
2024-11-09T07:53:00Z,Nivel Pozo WAS,4.393,outlier
2024-11-09T07:54:00Z,Nivel Pozo WAS,4.391,outlier
2024-11-09T07:55:00Z,Nivel Pozo WAS,4.39,outlier
2024-11-09T07:56:00Z,Nivel Pozo WAS,4.413,outlier
2024-11-09T07:57:00Z,Nivel Pozo WAS,4.396,outlier
2024-11-09T07:58:00Z,Nivel Pozo WAS,4.388,outlier
2024-11-09T07:59:00Z,Nivel Pozo WAS,4.391,outlier
2024-11-09T08:00:00Z,Nivel Pozo WAS,4.393,outlier
2024-11-09T08:01:00Z,Nivel Pozo WAS,4.376,outlier
2024-11-09T08:02:00Z,Nivel Pozo WAS,4.399,outlier
2024-11-09T08:03:00Z,Nivel Pozo WAS,4.37,outlier
2024-11-09T08:04:00Z,Nivel Pozo WAS,4.388,outlier
2024-11-09T08:05:00Z,Nivel Pozo WAS,4.388,outlier
2024-11-09T08:06:00Z,Nivel Pozo WAS,4.409,outlier
2024-11-09T08:07:00Z,Nivel Pozo WAS,4.399,outlier
2024-11-09T08:08:00Z,Nivel Pozo WAS,4.376,outlier
2024-11-09T08:09:00Z,Nivel Pozo WAS,4.368,outlier
2024-11-09T08:10:00Z,Nivel Pozo WAS,4.368,outlier
2024-11-09T08:11:00Z,Nivel Pozo WAS,4.378,outlier
2024-11-09T08:12:00Z,Nivel Pozo WAS,4.391,outlier
2024-11-09T08:13:00Z,Nivel Pozo WAS,4.37,outlier
2024-11-09T08:14:00Z,Nivel Pozo WAS,4.405,outlier
2024-11-09T08:15:00Z,Nivel Pozo WAS,4.39,outlier
2024-11-09T08:16:00Z,Nivel Pozo WAS,4.391,outlier
2024-11-09T08:17:00Z,Nivel Pozo WAS,4.358,outlier
2024-11-09T08:18:00Z,Nivel Pozo WAS,4.378,outlier
2024-11-09T08:19:00Z,Nivel Pozo WAS,4.407,outlier
2024-11-09T08:20:00Z,Nivel Pozo WAS,4.401,outlier
2024-11-09T08:21:00Z,Nivel Pozo WAS,4.393,outlier
2024-11-09T08:22:00Z,Nivel Pozo WAS,4.393,outlier
2024-11-09T08:23:00Z,Nivel Pozo WAS,4.384,outlier
2024-11-09T08:24:00Z,Nivel Pozo WAS,4.376,outlier
2024-11-09T08:25:00Z,Nivel Pozo WAS,4.364,outlier
2024-11-09T08:26:00Z,Nivel Pozo WAS,4.376,outlier
2024-11-09T08:27:00Z,Nivel Pozo WAS,4.378,outlier
2024-11-09T08:28:00Z,Nivel Pozo WAS,4.388,outlier
2024-11-09T08:29:00Z,Nivel Pozo WAS,4.378,outlier
2024-11-09T08:30:00Z,Nivel Pozo WAS,4.391,outlier
2024-11-09T08:31:00Z,Nivel Pozo WAS,4.374,outlier
2024-11-09T08:32:00Z,Nivel Pozo WAS,4.376,outlier
2024-11-09T08:33:00Z,Nivel Pozo WAS,4.374,outlier
2024-11-09T08:34:00Z,Nivel Pozo WAS,4.382,outlier
2024-11-09T08:35:00Z,Nivel Pozo WAS,4.407,outlier
2024-11-09T08:36:00Z,Nivel Pozo WAS,4.376,outlier
2024-11-09T08:37:00Z,Nivel Pozo WAS,4.378,outlier
2024-11-09T08:38:00Z,Nivel Pozo WAS,4.393,outlier
2024-11-09T08:39:00Z,Nivel Pozo WAS,4.378,outlier
2024-11-09T08:40:00Z,Nivel Pozo WAS,4.374,outlier
2024-11-09T08:41:00Z,Nivel Pozo WAS,4.37,outlier
2024-11-09T08:42:00Z,Nivel Pozo WAS,4.399,outlier
2024-11-09T08:43:00Z,Nivel Pozo WAS,4.376,outlier
2024-11-09T08:44:00Z,Nivel Pozo WAS,4.399,outlier
2024-11-09T08:45:00Z,Nivel Pozo WAS,4.391,outlier
2024-11-09T08:46:00Z,Nivel Pozo WAS,4.356,outlier
2024-11-09T08:47:00Z,Nivel Pozo WAS,4.372,outlier
2024-11-09T08:48:00Z,Nivel Pozo WAS,4.384,outlier
2024-11-09T08:49:00Z,Nivel Pozo WAS,4.36,outlier
2024-11-09T08:50:00Z,Nivel Pozo WAS,4.368,outlier
2024-11-09T08:51:00Z,Nivel Pozo WAS,4.366,outlier
2024-11-09T08:52:00Z,Nivel Pozo WAS,4.362,outlier
2024-11-09T08:53:00Z,Nivel Pozo WAS,4.401,outlier
2024-11-09T08:54:00Z,Nivel Pozo WAS,4.36,outlier
2024-11-09T08:55:00Z,Nivel Pozo WAS,4.376,outlier
2024-11-09T08:56:00Z,Nivel Pozo WAS,4.36,outlier
2024-11-09T08:58:00Z,Nivel Pozo WAS,4.372,outlier
2024-11-09T08:59:00Z,Nivel Pozo WAS,4.374,outlier
2024-11-09T09:00:00Z,Nivel Pozo WAS,4.397,outlier
2024-11-09T09:01:00Z,Nivel Pozo WAS,4.393,outlier
2024-11-09T09:02:00Z,Nivel Pozo WAS,4.38,outlier
2024-11-09T09:03:00Z,Nivel Pozo WAS,4.366,outlier
2024-11-09T09:04:00Z,Nivel Pozo WAS,4.36,outlier
2024-11-09T09:05:00Z,Nivel Pozo WAS,4.36,outlier
2024-11-09T09:06:00Z,Nivel Pozo WAS,4.3580000000000005,outlier
2024-11-09T09:08:00Z,Nivel Pozo WAS,4.384,outlier
2024-11-09T09:10:00Z,Nivel Pozo WAS,4.36,outlier
2024-11-09T09:11:00Z,Nivel Pozo WAS,4.384,outlier
2024-11-09T09:12:00Z,Nivel Pozo WAS,4.393,outlier
2024-11-09T09:13:00Z,Nivel Pozo WAS,4.388,outlier
2024-11-09T09:14:00Z,Nivel Pozo WAS,4.384,outlier
2024-11-09T09:15:00Z,Nivel Pozo WAS,4.378,outlier
2024-11-09T09:16:00Z,Nivel Pozo WAS,4.378,outlier
2024-11-09T09:17:00Z,Nivel Pozo WAS,4.378,outlier
2024-11-09T09:18:00Z,Nivel Pozo WAS,4.376,outlier
2024-11-09T09:19:00Z,Nivel Pozo WAS,4.382,outlier
2024-11-09T09:20:00Z,Nivel Pozo WAS,4.378,outlier
2024-11-09T09:21:00Z,Nivel Pozo WAS,4.378,outlier
2024-11-09T09:22:00Z,Nivel Pozo WAS,4.391,outlier
2024-11-09T09:23:00Z,Nivel Pozo WAS,4.368,outlier
2024-11-09T09:24:00Z,Nivel Pozo WAS,4.403,outlier
2024-11-09T09:25:00Z,Nivel Pozo WAS,4.385,outlier
2024-11-09T09:26:00Z,Nivel Pozo WAS,4.407,outlier
2024-11-09T09:27:00Z,Nivel Pozo WAS,4.388,outlier
2024-11-09T09:28:00Z,Nivel Pozo WAS,4.396,outlier
2024-11-09T09:30:00Z,Nivel Pozo WAS,4.393,outlier
2024-11-09T09:31:00Z,Nivel Pozo WAS,4.393,outlier
2024-11-09T09:32:00Z,Nivel Pozo WAS,4.378,outlier
2024-11-09T09:33:00Z,Nivel Pozo WAS,4.391,outlier
2024-11-09T09:34:00Z,Nivel Pozo WAS,4.415,outlier
2024-11-09T09:35:00Z,Nivel Pozo WAS,4.378,outlier
2024-11-09T09:36:00Z,Nivel Pozo WAS,4.401,outlier
2024-11-09T09:37:00Z,Nivel Pozo WAS,4.37,outlier
2024-11-09T09:38:00Z,Nivel Pozo WAS,4.368,outlier
2024-11-09T09:40:00Z,Nivel Pozo WAS,4.3845,outlier
2024-11-09T09:41:00Z,Nivel Pozo WAS,4.37,outlier
2024-11-09T09:43:00Z,Nivel Pozo WAS,4.413,outlier
2024-11-09T09:44:00Z,Nivel Pozo WAS,4.378,outlier
2024-11-09T09:45:00Z,Nivel Pozo WAS,4.36,outlier
2024-11-09T09:46:00Z,Nivel Pozo WAS,4.382,outlier
2024-11-09T09:48:00Z,Nivel Pozo WAS,4.37,outlier
2024-11-09T09:49:00Z,Nivel Pozo WAS,4.409,outlier
2024-11-09T09:50:00Z,Nivel Pozo WAS,4.382,outlier
2024-11-09T09:51:00Z,Nivel Pozo WAS,4.37,outlier
2024-11-09T09:52:00Z,Nivel Pozo WAS,4.38,outlier
2024-11-09T09:54:00Z,Nivel Pozo WAS,4.403,outlier
2024-11-09T09:55:00Z,Nivel Pozo WAS,4.36,outlier
2024-11-09T09:56:00Z,Nivel Pozo WAS,4.401,outlier
2024-11-09T09:57:00Z,Nivel Pozo WAS,4.376,outlier
2024-11-09T09:58:00Z,Nivel Pozo WAS,4.391,outlier
2024-11-09T09:59:00Z,Nivel Pozo WAS,4.37,outlier
2024-11-09T10:00:00Z,Nivel Pozo WAS,4.385,outlier
2024-11-09T10:01:00Z,Nivel Pozo WAS,4.385,outlier
2024-11-09T10:02:00Z,Nivel Pozo WAS,4.368,outlier
2024-11-09T10:03:00Z,Nivel Pozo WAS,4.391,outlier
2024-11-09T10:04:00Z,Nivel Pozo WAS,4.384,outlier
2024-11-09T10:05:00Z,Nivel Pozo WAS,4.378,outlier
2024-11-09T10:06:00Z,Nivel Pozo WAS,4.376,outlier
2024-11-09T10:07:00Z,Nivel Pozo WAS,4.385,outlier
2024-11-09T10:08:00Z,Nivel Pozo WAS,4.384,outlier
2024-11-09T10:09:00Z,Nivel Pozo WAS,4.37,outlier
2024-11-09T10:10:00Z,Nivel Pozo WAS,4.382,outlier
2024-11-09T10:11:00Z,Nivel Pozo WAS,4.36,outlier
2024-11-09T19:21:00Z,Nivel Pozo WAS,4.364,outlier
2024-11-09T19:31:00Z,Nivel Pozo WAS,4.358,outlier
2024-11-09T19:40:00Z,Nivel Pozo WAS,4.354,outlier
2024-11-09T19:43:00Z,Nivel Pozo WAS,4.351,outlier
2024-11-09T19:46:00Z,Nivel Pozo WAS,4.352,outlier
2024-11-09T19:48:00Z,Nivel Pozo WAS,4.356,outlier
2024-11-09T19:53:00Z,Nivel Pozo WAS,4.356,outlier
2024-11-09T19:59:00Z,Nivel Pozo WAS,4.37,outlier
2024-11-09T20:01:00Z,Nivel Pozo WAS,4.368,outlier
2024-11-09T20:07:00Z,Nivel Pozo WAS,4.356,outlier
2024-11-09T20:15:00Z,Nivel Pozo WAS,4.356,outlier
2024-11-10T18:38:00Z,Nivel Pozo WAS,4.368,outlier
2024-11-10T18:40:00Z,Nivel Pozo WAS,4.369,outlier
2024-11-10T18:42:00Z,Nivel Pozo WAS,4.376,outlier
2024-11-10T18:43:00Z,Nivel Pozo WAS,4.376,outlier
2024-11-10T18:44:00Z,Nivel Pozo WAS,4.374,outlier
2024-11-10T18:45:00Z,Nivel Pozo WAS,4.37,outlier
2024-11-10T18:46:00Z,Nivel Pozo WAS,4.403,outlier
2024-11-10T18:47:00Z,Nivel Pozo WAS,4.391,outlier
2024-11-10T18:48:00Z,Nivel Pozo WAS,4.372,outlier
2024-11-10T18:50:00Z,Nivel Pozo WAS,4.38,outlier
2024-11-10T18:51:00Z,Nivel Pozo WAS,4.385,outlier
2024-11-10T18:53:00Z,Nivel Pozo WAS,4.391,outlier
2024-11-10T18:54:00Z,Nivel Pozo WAS,4.37,outlier
2024-11-10T18:55:00Z,Nivel Pozo WAS,4.393,outlier
2024-11-10T18:56:00Z,Nivel Pozo WAS,4.382,outlier
2024-11-10T18:57:00Z,Nivel Pozo WAS,4.393,outlier
2024-11-10T18:59:00Z,Nivel Pozo WAS,4.391,outlier
2024-11-10T19:00:00Z,Nivel Pozo WAS,4.423,outlier
2024-11-10T19:01:00Z,Nivel Pozo WAS,4.376,outlier
2024-11-10T19:02:00Z,Nivel Pozo WAS,4.393,outlier
2024-11-10T19:04:00Z,Nivel Pozo WAS,4.415,outlier
2024-11-10T19:05:00Z,Nivel Pozo WAS,4.384,outlier
2024-11-10T19:06:00Z,Nivel Pozo WAS,4.397,outlier
2024-11-10T19:07:00Z,Nivel Pozo WAS,4.411,outlier
2024-11-10T19:08:00Z,Nivel Pozo WAS,4.393,outlier
2024-11-10T19:09:00Z,Nivel Pozo WAS,4.409,outlier
2024-11-10T19:10:00Z,Nivel Pozo WAS,4.382,outlier
2024-11-10T19:11:00Z,Nivel Pozo WAS,4.396,outlier
2024-11-10T19:12:00Z,Nivel Pozo WAS,4.393,outlier
2024-11-10T19:13:00Z,Nivel Pozo WAS,4.397,outlier
2024-11-10T19:14:00Z,Nivel Pozo WAS,4.409,outlier
2024-11-10T19:15:00Z,Nivel Pozo WAS,4.393,outlier
2024-11-10T19:16:00Z,Nivel Pozo WAS,4.407,outlier
2024-11-10T19:17:00Z,Nivel Pozo WAS,4.417,outlier
2024-11-10T19:18:00Z,Nivel Pozo WAS,4.391,outlier
2024-11-10T19:19:00Z,Nivel Pozo WAS,4.409,outlier
2024-11-10T19:21:00Z,Nivel Pozo WAS,4.4,outlier
2024-11-10T19:23:00Z,Nivel Pozo WAS,4.378,outlier
2024-11-10T19:24:00Z,Nivel Pozo WAS,4.405,outlier
2024-11-10T19:25:00Z,Nivel Pozo WAS,4.399,outlier
2024-11-10T19:26:00Z,Nivel Pozo WAS,4.405,outlier
2024-11-10T19:27:00Z,Nivel Pozo WAS,4.38,outlier
2024-11-10T19:28:00Z,Nivel Pozo WAS,4.415,outlier
2024-11-10T19:29:00Z,Nivel Pozo WAS,4.423,outlier
2024-11-10T19:30:00Z,Nivel Pozo WAS,4.399,outlier
2024-11-10T19:31:00Z,Nivel Pozo WAS,4.403,outlier
2024-11-10T19:32:00Z,Nivel Pozo WAS,4.438,outlier
2024-11-10T19:33:00Z,Nivel Pozo WAS,4.415,outlier
2024-11-10T19:34:00Z,Nivel Pozo WAS,4.407,outlier
2024-11-10T19:35:00Z,Nivel Pozo WAS,4.421,outlier
2024-11-10T19:36:00Z,Nivel Pozo WAS,4.409,outlier
2024-11-10T19:37:00Z,Nivel Pozo WAS,4.411,outlier
2024-11-10T19:38:00Z,Nivel Pozo WAS,4.401,outlier
2024-11-10T19:39:00Z,Nivel Pozo WAS,4.432,outlier
2024-11-10T19:40:00Z,Nivel Pozo WAS,4.38,outlier
2024-11-10T19:41:00Z,Nivel Pozo WAS,4.401,outlier
2024-11-10T19:43:00Z,Nivel Pozo WAS,4.409,outlier
2024-11-10T19:44:00Z,Nivel Pozo WAS,4.409,outlier
2024-11-10T19:45:00Z,Nivel Pozo WAS,4.409,outlier
2024-11-10T19:46:00Z,Nivel Pozo WAS,4.397,outlier
2024-11-10T19:47:00Z,Nivel Pozo WAS,4.393,outlier
2024-11-10T19:48:00Z,Nivel Pozo WAS,4.399,outlier
2024-11-10T19:49:00Z,Nivel Pozo WAS,4.384,outlier
2024-11-10T19:50:00Z,Nivel Pozo WAS,4.385,outlier
2024-11-10T19:51:00Z,Nivel Pozo WAS,4.384,outlier
2024-11-10T19:52:00Z,Nivel Pozo WAS,4.396,outlier
2024-11-10T19:53:00Z,Nivel Pozo WAS,4.435,outlier
2024-11-10T19:54:00Z,Nivel Pozo WAS,4.409,outlier
2024-11-10T19:55:00Z,Nivel Pozo WAS,4.399,outlier
2024-11-10T19:56:00Z,Nivel Pozo WAS,4.407,outlier
2024-11-10T19:57:00Z,Nivel Pozo WAS,4.397,outlier
2024-11-10T19:58:00Z,Nivel Pozo WAS,4.382,outlier
2024-11-10T19:59:00Z,Nivel Pozo WAS,4.424,outlier
2024-11-10T20:00:00Z,Nivel Pozo WAS,4.417,outlier
2024-11-10T20:01:00Z,Nivel Pozo WAS,4.391,outlier
2024-11-10T20:02:00Z,Nivel Pozo WAS,4.419,outlier
2024-11-10T20:03:00Z,Nivel Pozo WAS,4.411,outlier
2024-11-10T20:04:00Z,Nivel Pozo WAS,4.423,outlier
2024-11-10T20:05:00Z,Nivel Pozo WAS,4.423,outlier
2024-11-10T20:06:00Z,Nivel Pozo WAS,4.407,outlier
2024-11-10T20:07:00Z,Nivel Pozo WAS,4.393,outlier
2024-11-10T20:08:00Z,Nivel Pozo WAS,4.399,outlier
2024-11-10T20:09:00Z,Nivel Pozo WAS,4.413,outlier
2024-11-10T20:10:00Z,Nivel Pozo WAS,4.411,outlier
2024-11-10T20:11:00Z,Nivel Pozo WAS,4.423,outlier
2024-11-10T20:12:00Z,Nivel Pozo WAS,4.415,outlier
2024-11-10T20:13:00Z,Nivel Pozo WAS,4.385,outlier
2024-11-10T20:14:00Z,Nivel Pozo WAS,4.393,outlier
2024-11-10T20:15:00Z,Nivel Pozo WAS,4.424,outlier
2024-11-10T20:16:00Z,Nivel Pozo WAS,4.419,outlier
2024-11-10T20:17:00Z,Nivel Pozo WAS,4.409,outlier
2024-11-10T20:18:00Z,Nivel Pozo WAS,4.419,outlier
2024-11-10T20:19:00Z,Nivel Pozo WAS,4.429,outlier
2024-11-10T20:20:00Z,Nivel Pozo WAS,4.401,outlier
2024-11-10T20:21:00Z,Nivel Pozo WAS,4.415,outlier
2024-11-10T20:22:00Z,Nivel Pozo WAS,4.411,outlier
2024-11-10T20:23:00Z,Nivel Pozo WAS,4.413,outlier
2024-11-10T20:24:00Z,Nivel Pozo WAS,4.396,outlier
2024-11-10T20:26:00Z,Nivel Pozo WAS,4.415,outlier
2024-11-10T20:27:00Z,Nivel Pozo WAS,4.424,outlier
2024-11-10T20:28:00Z,Nivel Pozo WAS,4.424,outlier
2024-11-10T20:29:00Z,Nivel Pozo WAS,4.436,outlier
2024-11-10T20:30:00Z,Nivel Pozo WAS,4.407,outlier
2024-11-10T20:31:00Z,Nivel Pozo WAS,4.384,outlier
2024-11-10T20:32:00Z,Nivel Pozo WAS,4.396,outlier
2024-11-10T20:33:00Z,Nivel Pozo WAS,4.423,outlier
2024-11-10T20:34:00Z,Nivel Pozo WAS,4.419,outlier
2024-11-10T20:35:00Z,Nivel Pozo WAS,4.415,outlier
2024-11-10T20:36:00Z,Nivel Pozo WAS,4.417,outlier
2024-11-10T20:37:00Z,Nivel Pozo WAS,4.423,outlier
2024-11-10T20:38:00Z,Nivel Pozo WAS,4.417,outlier
2024-11-10T20:39:00Z,Nivel Pozo WAS,4.407,outlier
2024-11-10T20:40:00Z,Nivel Pozo WAS,4.421,outlier
2024-11-10T20:41:00Z,Nivel Pozo WAS,4.403,outlier
2024-11-10T20:42:00Z,Nivel Pozo WAS,4.402,outlier
2024-11-10T20:44:00Z,Nivel Pozo WAS,4.409,outlier
2024-11-10T20:45:00Z,Nivel Pozo WAS,4.415,outlier
2024-11-10T20:46:00Z,Nivel Pozo WAS,4.411,outlier
2024-11-10T20:47:00Z,Nivel Pozo WAS,4.44,outlier
2024-11-10T20:48:00Z,Nivel Pozo WAS,4.409,outlier
2024-11-10T20:50:00Z,Nivel Pozo WAS,4.438,outlier
2024-11-10T20:51:00Z,Nivel Pozo WAS,4.399,outlier
2024-11-10T20:52:00Z,Nivel Pozo WAS,4.413,outlier
2024-11-10T20:53:00Z,Nivel Pozo WAS,4.382,outlier
2024-11-10T20:54:00Z,Nivel Pozo WAS,4.399,outlier
2024-11-10T20:55:00Z,Nivel Pozo WAS,4.432,outlier
2024-11-10T20:56:00Z,Nivel Pozo WAS,4.417,outlier
2024-11-10T20:57:00Z,Nivel Pozo WAS,4.396,outlier
2024-11-10T20:58:00Z,Nivel Pozo WAS,4.419,outlier
2024-11-10T20:59:00Z,Nivel Pozo WAS,4.409,outlier
2024-11-10T21:00:00Z,Nivel Pozo WAS,4.435,outlier
2024-11-10T21:01:00Z,Nivel Pozo WAS,4.415,outlier
2024-11-10T21:02:00Z,Nivel Pozo WAS,4.399,outlier
2024-11-10T21:03:00Z,Nivel Pozo WAS,4.405,outlier
2024-11-10T21:04:00Z,Nivel Pozo WAS,4.393,outlier
2024-11-10T21:05:00Z,Nivel Pozo WAS,4.407,outlier
2024-11-10T21:06:00Z,Nivel Pozo WAS,4.413,outlier
2024-11-10T21:07:00Z,Nivel Pozo WAS,4.409,outlier
2024-11-10T21:08:00Z,Nivel Pozo WAS,4.423,outlier
2024-11-10T21:09:00Z,Nivel Pozo WAS,4.417,outlier
2024-11-10T21:10:00Z,Nivel Pozo WAS,4.37,outlier
2024-11-10T21:11:00Z,Nivel Pozo WAS,4.391,outlier
2024-11-10T21:12:00Z,Nivel Pozo WAS,4.411,outlier
2024-11-10T21:13:00Z,Nivel Pozo WAS,4.393,outlier
2024-11-10T21:14:00Z,Nivel Pozo WAS,4.393,outlier
2024-11-10T21:15:00Z,Nivel Pozo WAS,4.417,outlier
2024-11-10T21:16:00Z,Nivel Pozo WAS,4.399,outlier
2024-11-10T21:17:00Z,Nivel Pozo WAS,4.37,outlier
2024-11-10T21:18:00Z,Nivel Pozo WAS,4.4115,outlier
2024-11-10T21:20:00Z,Nivel Pozo WAS,4.401,outlier
2024-11-10T21:21:00Z,Nivel Pozo WAS,4.405,outlier
2024-11-10T21:22:00Z,Nivel Pozo WAS,4.405,outlier
2024-11-10T21:23:00Z,Nivel Pozo WAS,4.397,outlier
2024-11-10T21:24:00Z,Nivel Pozo WAS,4.393,outlier
2024-11-10T21:25:00Z,Nivel Pozo WAS,4.393,outlier
2024-11-10T21:26:00Z,Nivel Pozo WAS,4.393,outlier
2024-11-10T21:27:00Z,Nivel Pozo WAS,4.388,outlier
2024-11-10T21:28:00Z,Nivel Pozo WAS,4.382,outlier
2024-11-10T21:29:00Z,Nivel Pozo WAS,4.376,outlier
2024-11-10T21:30:00Z,Nivel Pozo WAS,4.393,outlier
2024-11-10T21:31:00Z,Nivel Pozo WAS,4.401,outlier
2024-11-10T21:32:00Z,Nivel Pozo WAS,4.368,outlier
2024-11-10T21:33:00Z,Nivel Pozo WAS,4.378,outlier
2024-11-10T21:34:00Z,Nivel Pozo WAS,4.409,outlier
2024-11-10T21:35:00Z,Nivel Pozo WAS,4.393,outlier
2024-11-10T21:36:00Z,Nivel Pozo WAS,4.399,outlier
2024-11-10T21:37:00Z,Nivel Pozo WAS,4.391,outlier
2024-11-10T21:38:00Z,Nivel Pozo WAS,4.419,outlier
2024-11-10T21:39:00Z,Nivel Pozo WAS,4.391,outlier
2024-11-10T21:41:00Z,Nivel Pozo WAS,4.409,outlier
2024-11-10T21:42:00Z,Nivel Pozo WAS,4.419,outlier
2024-11-10T21:43:00Z,Nivel Pozo WAS,4.397,outlier
2024-11-10T21:45:00Z,Nivel Pozo WAS,4.393,outlier
2024-11-10T21:46:00Z,Nivel Pozo WAS,4.393,outlier
2024-11-10T21:47:00Z,Nivel Pozo WAS,4.382,outlier
2024-11-10T21:48:00Z,Nivel Pozo WAS,4.391,outlier
2024-11-10T21:49:00Z,Nivel Pozo WAS,4.385,outlier
2024-11-10T21:50:00Z,Nivel Pozo WAS,4.403,outlier
2024-11-10T21:51:00Z,Nivel Pozo WAS,4.366,outlier
2024-11-10T21:52:00Z,Nivel Pozo WAS,4.39,outlier
2024-11-10T21:53:00Z,Nivel Pozo WAS,4.419,outlier
2024-11-10T21:54:00Z,Nivel Pozo WAS,4.391,outlier
2024-11-10T21:55:00Z,Nivel Pozo WAS,4.388,outlier
2024-11-10T21:56:00Z,Nivel Pozo WAS,4.37,outlier
2024-11-10T21:57:00Z,Nivel Pozo WAS,4.393,outlier
2024-11-10T21:58:00Z,Nivel Pozo WAS,4.376,outlier
2024-11-10T21:59:00Z,Nivel Pozo WAS,4.399,outlier
2024-11-10T22:00:00Z,Nivel Pozo WAS,4.419,outlier
2024-11-10T22:01:00Z,Nivel Pozo WAS,4.376,outlier
2024-11-10T22:02:00Z,Nivel Pozo WAS,4.385,outlier
2024-11-10T22:03:00Z,Nivel Pozo WAS,4.382,outlier
2024-11-10T22:04:00Z,Nivel Pozo WAS,4.407,outlier
2024-11-10T22:06:00Z,Nivel Pozo WAS,4.376,outlier
2024-11-10T22:07:00Z,Nivel Pozo WAS,4.385,outlier
2024-11-10T22:08:00Z,Nivel Pozo WAS,4.378,outlier
2024-11-10T22:09:00Z,Nivel Pozo WAS,4.385,outlier
2024-11-10T22:10:00Z,Nivel Pozo WAS,4.413,outlier
2024-11-10T22:11:00Z,Nivel Pozo WAS,4.391,outlier
2024-11-10T22:13:00Z,Nivel Pozo WAS,4.391,outlier
2024-11-10T22:14:00Z,Nivel Pozo WAS,4.409,outlier
2024-11-10T22:15:00Z,Nivel Pozo WAS,4.37,outlier
2024-11-10T22:16:00Z,Nivel Pozo WAS,4.376,outlier
2024-11-10T22:18:00Z,Nivel Pozo WAS,4.3805,outlier
2024-11-10T22:20:00Z,Nivel Pozo WAS,4.391,outlier
2024-11-10T22:21:00Z,Nivel Pozo WAS,4.401,outlier
2024-11-10T22:23:00Z,Nivel Pozo WAS,4.388,outlier
2024-11-10T22:24:00Z,Nivel Pozo WAS,4.396,outlier
2024-11-10T22:25:00Z,Nivel Pozo WAS,4.405,outlier
2024-11-10T22:26:00Z,Nivel Pozo WAS,4.378,outlier
2024-11-10T22:27:00Z,Nivel Pozo WAS,4.372,outlier
2024-11-10T22:28:00Z,Nivel Pozo WAS,4.401,outlier
2024-11-10T22:29:00Z,Nivel Pozo WAS,4.385,outlier
2024-11-10T22:31:00Z,Nivel Pozo WAS,4.393,outlier
2024-11-10T22:32:00Z,Nivel Pozo WAS,4.37,outlier
2024-11-10T22:33:00Z,Nivel Pozo WAS,4.399,outlier
2024-11-10T22:35:00Z,Nivel Pozo WAS,4.376,outlier
2024-11-10T22:36:00Z,Nivel Pozo WAS,4.378,outlier
2024-11-10T22:37:00Z,Nivel Pozo WAS,4.37,outlier
2024-11-10T22:38:00Z,Nivel Pozo WAS,4.38,outlier
2024-11-10T22:39:00Z,Nivel Pozo WAS,4.376,outlier
2024-11-10T22:42:00Z,Nivel Pozo WAS,4.378,outlier
2024-11-10T22:43:00Z,Nivel Pozo WAS,4.37,outlier
2024-11-10T22:44:00Z,Nivel Pozo WAS,4.368,outlier
2024-11-10T22:46:00Z,Nivel Pozo WAS,4.397,outlier
2024-11-10T22:47:00Z,Nivel Pozo WAS,4.378,outlier
2024-11-10T22:50:00Z,Nivel Pozo WAS,4.38,outlier
2024-11-12T16:11:00Z,Nivel Pozo WAS,4.497,outlier
2024-11-12T16:13:00Z,Nivel Pozo WAS,4.609,outlier
2024-11-12T16:14:00Z,Nivel Pozo WAS,4.477,outlier
2024-11-13T06:30:00Z,Nivel Pozo WAS,4.642,outlier
2024-11-13T06:31:00Z,Nivel Pozo WAS,4.657,outlier
2024-11-13T06:32:00Z,Nivel Pozo WAS,4.645,outlier
2024-11-13T06:33:00Z,Nivel Pozo WAS,4.626,outlier
2024-11-13T06:34:00Z,Nivel Pozo WAS,4.661,outlier
2024-11-13T06:35:00Z,Nivel Pozo WAS,4.675,outlier
2024-11-13T06:36:00Z,Nivel Pozo WAS,4.649,outlier
2024-11-13T06:37:00Z,Nivel Pozo WAS,4.642,outlier
2024-11-13T06:38:00Z,Nivel Pozo WAS,4.618,outlier
2024-11-13T06:39:00Z,Nivel Pozo WAS,4.643,outlier
2024-11-13T06:40:00Z,Nivel Pozo WAS,4.654,outlier
2024-11-13T06:42:00Z,Nivel Pozo WAS,4.642,outlier
2024-11-13T06:43:00Z,Nivel Pozo WAS,4.657,outlier
2024-11-13T06:44:00Z,Nivel Pozo WAS,4.634,outlier
2024-11-13T06:46:00Z,Nivel Pozo WAS,4.634,outlier
2024-11-13T06:47:00Z,Nivel Pozo WAS,4.642,outlier
2024-11-13T06:48:00Z,Nivel Pozo WAS,4.655,outlier
2024-11-13T06:49:00Z,Nivel Pozo WAS,4.606,outlier
2024-11-13T06:50:00Z,Nivel Pozo WAS,4.624,outlier
2024-11-13T06:51:00Z,Nivel Pozo WAS,4.63,outlier
2024-11-13T06:52:00Z,Nivel Pozo WAS,4.618,outlier
2024-11-13T06:53:00Z,Nivel Pozo WAS,4.642,outlier
2024-11-13T06:54:00Z,Nivel Pozo WAS,4.657,outlier
2024-11-13T06:55:00Z,Nivel Pozo WAS,4.616,outlier
2024-11-13T06:56:00Z,Nivel Pozo WAS,4.632,outlier
2024-11-13T06:57:00Z,Nivel Pozo WAS,4.63,outlier
2024-11-13T06:58:00Z,Nivel Pozo WAS,4.653,outlier
2024-11-13T06:59:00Z,Nivel Pozo WAS,4.622,outlier
2024-11-13T07:00:00Z,Nivel Pozo WAS,4.626,outlier
2024-11-13T07:01:00Z,Nivel Pozo WAS,4.632,outlier
2024-11-13T07:02:00Z,Nivel Pozo WAS,4.6345,outlier
2024-11-13T07:04:00Z,Nivel Pozo WAS,4.604,outlier
2024-11-13T07:05:00Z,Nivel Pozo WAS,4.603,outlier
2024-11-13T07:06:00Z,Nivel Pozo WAS,4.642,outlier
2024-11-13T07:07:00Z,Nivel Pozo WAS,4.634,outlier
2024-11-13T07:08:00Z,Nivel Pozo WAS,4.61,outlier
2024-11-13T07:09:00Z,Nivel Pozo WAS,4.614,outlier
2024-11-13T07:10:00Z,Nivel Pozo WAS,4.642,outlier
2024-11-13T07:11:00Z,Nivel Pozo WAS,4.636,outlier
2024-11-13T07:12:00Z,Nivel Pozo WAS,4.604,outlier
2024-11-13T07:13:00Z,Nivel Pozo WAS,4.636,outlier
2024-11-13T07:14:00Z,Nivel Pozo WAS,4.634,outlier
2024-11-13T07:15:00Z,Nivel Pozo WAS,4.604,outlier
2024-11-13T07:16:00Z,Nivel Pozo WAS,4.606,outlier
2024-11-13T07:17:00Z,Nivel Pozo WAS,4.628,outlier
2024-11-13T07:18:00Z,Nivel Pozo WAS,4.628,outlier
2024-11-13T07:19:00Z,Nivel Pozo WAS,4.612,outlier
2024-11-13T07:20:00Z,Nivel Pozo WAS,4.604,outlier
2024-11-13T07:21:00Z,Nivel Pozo WAS,4.636,outlier
2024-11-13T07:22:00Z,Nivel Pozo WAS,4.626,outlier
2024-11-13T07:23:00Z,Nivel Pozo WAS,4.626,outlier
2024-11-13T07:24:00Z,Nivel Pozo WAS,4.653,outlier
2024-11-13T07:25:00Z,Nivel Pozo WAS,4.622,outlier
2024-11-13T07:26:00Z,Nivel Pozo WAS,4.649,outlier
2024-11-13T07:27:00Z,Nivel Pozo WAS,4.62,outlier
2024-11-13T07:28:00Z,Nivel Pozo WAS,4.642,outlier
2024-11-13T07:29:00Z,Nivel Pozo WAS,4.63,outlier
2024-11-13T07:30:00Z,Nivel Pozo WAS,4.626,outlier
2024-11-13T07:31:00Z,Nivel Pozo WAS,4.63,outlier
2024-11-13T07:32:00Z,Nivel Pozo WAS,4.626,outlier
2024-11-13T07:33:00Z,Nivel Pozo WAS,4.612,outlier
2024-11-13T07:34:00Z,Nivel Pozo WAS,4.604,outlier
2024-11-13T07:35:00Z,Nivel Pozo WAS,4.612,outlier
2024-11-13T07:36:00Z,Nivel Pozo WAS,4.622,outlier
2024-11-13T07:37:00Z,Nivel Pozo WAS,4.612,outlier
2024-11-13T07:38:00Z,Nivel Pozo WAS,4.618,outlier
2024-11-13T07:39:00Z,Nivel Pozo WAS,4.643,outlier
2024-11-13T07:40:00Z,Nivel Pozo WAS,4.606,outlier
2024-11-13T07:41:00Z,Nivel Pozo WAS,4.626,outlier
2024-11-13T07:42:00Z,Nivel Pozo WAS,4.634,outlier
2024-11-26T00:47:00Z,Nivel Pozo WAS,3.907,outlier
2024-11-26T00:48:00Z,Nivel Pozo WAS,3.909,outlier
2024-11-26T00:49:00Z,Nivel Pozo WAS,3.9595,outlier
2024-11-26T00:51:00Z,Nivel Pozo WAS,3.979,outlier
2024-11-26T00:52:00Z,Nivel Pozo WAS,3.985,outlier
2024-11-26T00:53:00Z,Nivel Pozo WAS,4.018,outlier
2024-11-26T00:54:00Z,Nivel Pozo WAS,4.003,outlier
2024-11-26T00:55:00Z,Nivel Pozo WAS,3.993,outlier
2024-11-26T00:56:00Z,Nivel Pozo WAS,4.003,outlier
2024-11-26T00:57:00Z,Nivel Pozo WAS,4.014,outlier
2024-11-26T00:58:00Z,Nivel Pozo WAS,4.057,outlier
2024-11-26T00:59:00Z,Nivel Pozo WAS,4.003,outlier
2024-11-26T01:00:00Z,Nivel Pozo WAS,4.034,outlier
2024-11-26T01:01:00Z,Nivel Pozo WAS,4.048,outlier
2024-11-26T01:02:00Z,Nivel Pozo WAS,4.046,outlier
2024-11-26T01:03:00Z,Nivel Pozo WAS,4.016,outlier
2024-11-26T01:04:00Z,Nivel Pozo WAS,4.032,outlier
2024-11-26T01:05:00Z,Nivel Pozo WAS,4.032,outlier
2024-11-26T01:06:00Z,Nivel Pozo WAS,4.043,outlier
2024-11-26T01:07:00Z,Nivel Pozo WAS,4.071,outlier
2024-11-26T01:08:00Z,Nivel Pozo WAS,4.018,outlier
2024-11-26T01:09:00Z,Nivel Pozo WAS,4.03,outlier
2024-11-26T01:10:00Z,Nivel Pozo WAS,4.049,outlier
2024-11-26T01:11:00Z,Nivel Pozo WAS,4.073,outlier
2024-11-26T01:12:00Z,Nivel Pozo WAS,4.038,outlier
2024-11-26T01:13:00Z,Nivel Pozo WAS,4.026,outlier
2024-11-26T01:14:00Z,Nivel Pozo WAS,4.048,outlier
2024-11-26T01:15:00Z,Nivel Pozo WAS,4.057,outlier
2024-11-26T01:16:00Z,Nivel Pozo WAS,4.028,outlier
2024-11-26T01:17:00Z,Nivel Pozo WAS,4.0545,outlier
2024-11-26T01:19:00Z,Nivel Pozo WAS,4.063,outlier
2024-11-26T01:20:00Z,Nivel Pozo WAS,4.065,outlier
2024-11-26T01:21:00Z,Nivel Pozo WAS,4.093,outlier
2024-11-26T01:22:00Z,Nivel Pozo WAS,4.059,outlier
2024-11-26T01:23:00Z,Nivel Pozo WAS,4.102,outlier
2024-11-26T01:24:00Z,Nivel Pozo WAS,4.0815,outlier
2024-11-26T01:26:00Z,Nivel Pozo WAS,4.096,outlier
2024-11-26T01:27:00Z,Nivel Pozo WAS,4.088,outlier
2024-11-26T01:28:00Z,Nivel Pozo WAS,4.094,outlier
2024-11-26T01:29:00Z,Nivel Pozo WAS,4.099,outlier
2024-11-26T01:30:00Z,Nivel Pozo WAS,4.094,outlier
2024-11-26T01:31:00Z,Nivel Pozo WAS,4.096,outlier
2024-11-26T01:32:00Z,Nivel Pozo WAS,4.102,outlier
2024-11-26T01:33:00Z,Nivel Pozo WAS,4.102,outlier
2024-11-26T01:34:00Z,Nivel Pozo WAS,4.081,outlier
2024-11-26T01:35:00Z,Nivel Pozo WAS,4.11,outlier
2024-11-26T01:36:00Z,Nivel Pozo WAS,4.087,outlier
2024-11-26T01:37:00Z,Nivel Pozo WAS,4.104,outlier
2024-11-26T01:38:00Z,Nivel Pozo WAS,4.127,outlier
2024-11-26T01:39:00Z,Nivel Pozo WAS,4.132,outlier
2024-11-26T01:40:00Z,Nivel Pozo WAS,4.13,outlier
2024-11-26T01:41:00Z,Nivel Pozo WAS,4.133,outlier
2024-11-26T01:42:00Z,Nivel Pozo WAS,4.094,outlier
2024-11-26T01:43:00Z,Nivel Pozo WAS,4.11,outlier
2024-11-26T01:44:00Z,Nivel Pozo WAS,4.122,outlier
2024-11-26T01:45:00Z,Nivel Pozo WAS,4.104,outlier
2024-11-26T01:46:00Z,Nivel Pozo WAS,4.149,outlier
2024-11-26T01:47:00Z,Nivel Pozo WAS,4.104,outlier
2024-11-26T01:48:00Z,Nivel Pozo WAS,4.11,outlier
2024-11-26T01:49:00Z,Nivel Pozo WAS,4.139,outlier
2024-11-26T01:50:00Z,Nivel Pozo WAS,4.122,outlier
2024-11-26T01:51:00Z,Nivel Pozo WAS,4.102,outlier
2024-11-26T01:52:00Z,Nivel Pozo WAS,4.141,outlier
2024-11-26T01:53:00Z,Nivel Pozo WAS,4.147,outlier
2024-11-26T01:54:00Z,Nivel Pozo WAS,4.104,outlier
2024-11-26T01:55:00Z,Nivel Pozo WAS,4.126,outlier
2024-11-26T01:56:00Z,Nivel Pozo WAS,4.135,outlier
2024-11-26T01:57:00Z,Nivel Pozo WAS,4.096,outlier
2024-11-26T01:58:00Z,Nivel Pozo WAS,4.079,outlier
2024-11-26T01:59:00Z,Nivel Pozo WAS,4.048,outlier
2024-11-26T02:00:00Z,Nivel Pozo WAS,4.014,outlier
2024-11-26T02:01:00Z,Nivel Pozo WAS,4.004,outlier
2024-11-26T02:02:00Z,Nivel Pozo WAS,3.907,outlier
2024-11-26T02:03:00Z,Nivel Pozo WAS,3.895,outlier
2024-12-19T06:25:00Z,Nivel Pozo WAS,4.518599987030029,outlier
2024-12-19T06:27:00Z,Nivel Pozo WAS,5.030399799346924,outlier
2024-12-19T06:28:00Z,Nivel Pozo WAS,5.157599925994873,outlier
2024-12-19T06:29:00Z,Nivel Pozo WAS,5.237400054931641,outlier
2024-12-19T06:30:00Z,Nivel Pozo WAS,5.315999984741211,outlier
2024-12-19T06:31:00Z,Nivel Pozo WAS,5.339399814605713,outlier
2024-12-19T06:32:00Z,Nivel Pozo WAS,5.3429999351501465,outlier
2024-12-19T06:33:00Z,Nivel Pozo WAS,5.333399772644043,outlier
2024-12-19T06:34:00Z,Nivel Pozo WAS,5.282400131225586,outlier
2024-12-19T06:35:00Z,Nivel Pozo WAS,5.268599987030029,outlier
2024-12-19T06:36:00Z,Nivel Pozo WAS,5.22599983215332,outlier
2024-12-27T19:36:00Z,Nivel Pozo WAS,4.48,outlier
2024-12-27T20:18:00Z,Nivel Pozo WAS,4.49,outlier
2025-01-15T11:24:00Z,Nivel Pozo WAS,4.49,outlier
2025-02-09T19:59:00Z,Nivel Pozo WAS,4.28,outlier
2025-02-09T20:00:00Z,Nivel Pozo WAS,4.32,outlier
2025-02-09T20:01:00Z,Nivel Pozo WAS,4.31,outlier
2025-02-09T20:02:00Z,Nivel Pozo WAS,4.31,outlier
2025-02-09T20:03:00Z,Nivel Pozo WAS,4.32,outlier
2025-02-09T20:04:00Z,Nivel Pozo WAS,4.34,outlier
2025-02-09T20:05:00Z,Nivel Pozo WAS,4.33,outlier
2025-02-09T23:39:00Z,Nivel Pozo WAS,4.42,outlier
2025-02-09T23:40:00Z,Nivel Pozo WAS,4.71,outlier
2025-02-09T23:41:00Z,Nivel Pozo WAS,4.9,outlier
2025-02-09T23:42:00Z,Nivel Pozo WAS,4.96,outlier
2025-02-09T23:43:00Z,Nivel Pozo WAS,4.8,outlier
2025-02-09T23:44:00Z,Nivel Pozo WAS,4.63,outlier
2025-02-09T23:45:00Z,Nivel Pozo WAS,4.61,outlier
2025-02-09T23:46:00Z,Nivel Pozo WAS,4.58,outlier
2025-02-09T23:47:00Z,Nivel Pozo WAS,4.53,outlier
2025-02-09T23:48:00Z,Nivel Pozo WAS,4.56,outlier
2025-02-09T23:49:00Z,Nivel Pozo WAS,4.53,outlier
2025-02-09T23:50:00Z,Nivel Pozo WAS,4.56,outlier
2025-02-09T23:51:00Z,Nivel Pozo WAS,4.56,outlier
2025-02-09T23:52:00Z,Nivel Pozo WAS,4.55,outlier
2025-02-09T23:53:00Z,Nivel Pozo WAS,4.56,outlier
2025-02-09T23:54:00Z,Nivel Pozo WAS,4.57,outlier
2025-02-09T23:55:00Z,Nivel Pozo WAS,4.56,outlier
2025-02-09T23:56:00Z,Nivel Pozo WAS,4.53,outlier
2025-02-09T23:57:00Z,Nivel Pozo WAS,4.56,outlier
2025-02-09T23:58:00Z,Nivel Pozo WAS,4.54,outlier
2025-02-09T23:59:00Z,Nivel Pozo WAS,4.54,outlier
2025-02-10T00:00:00Z,Nivel Pozo WAS,4.58,outlier
2025-02-10T00:01:00Z,Nivel Pozo WAS,4.57,outlier
2025-02-10T00:02:00Z,Nivel Pozo WAS,4.59,outlier
2025-02-10T00:03:00Z,Nivel Pozo WAS,4.56,outlier
2025-02-10T00:04:00Z,Nivel Pozo WAS,4.53,outlier
2025-02-10T00:05:00Z,Nivel Pozo WAS,4.56,outlier
2025-02-10T00:06:00Z,Nivel Pozo WAS,4.55,outlier
2025-02-10T00:07:00Z,Nivel Pozo WAS,4.58,outlier
2025-02-10T00:08:00Z,Nivel Pozo WAS,4.56,outlier
2025-02-10T00:09:00Z,Nivel Pozo WAS,4.56,outlier
2025-02-10T00:10:00Z,Nivel Pozo WAS,4.53,outlier
2025-02-10T00:11:00Z,Nivel Pozo WAS,4.55,outlier
2025-02-10T00:12:00Z,Nivel Pozo WAS,4.53,outlier
2025-02-10T00:13:00Z,Nivel Pozo WAS,4.55,outlier
2025-02-10T00:14:00Z,Nivel Pozo WAS,4.56,outlier
2025-02-10T00:15:00Z,Nivel Pozo WAS,4.54,outlier
2025-02-10T00:16:00Z,Nivel Pozo WAS,4.55,outlier
2025-02-10T00:17:00Z,Nivel Pozo WAS,4.3,outlier
2024-12-19T06:26:00Z,Nivel Pozo WAS,4.800000190734863,outlier
2024-12-19T06:37:00Z,Nivel Pozo WAS,4.7820000648498535,outlier
2024-12-27T19:37:00Z,Nivel Pozo WAS,4.74,outlier
2024-12-27T19:38:00Z,Nivel Pozo WAS,4.91,outlier
2024-12-27T19:39:00Z,Nivel Pozo WAS,4.98,outlier
2024-12-27T19:40:00Z,Nivel Pozo WAS,5.06,outlier
2024-12-27T19:41:00Z,Nivel Pozo WAS,5.1,outlier
2024-12-27T19:42:00Z,Nivel Pozo WAS,5.125,outlier
2024-12-27T19:44:00Z,Nivel Pozo WAS,5.16,outlier
2024-12-27T19:45:00Z,Nivel Pozo WAS,5.23,outlier
2024-12-27T19:46:00Z,Nivel Pozo WAS,5.25,outlier
2024-12-27T19:47:00Z,Nivel Pozo WAS,5.23,outlier
2024-12-27T19:48:00Z,Nivel Pozo WAS,5.11,outlier
2024-12-27T19:49:00Z,Nivel Pozo WAS,4.87,outlier
2024-12-27T19:50:00Z,Nivel Pozo WAS,4.76,outlier
2024-12-27T19:52:00Z,Nivel Pozo WAS,4.67,outlier
2024-12-27T19:53:00Z,Nivel Pozo WAS,4.66,outlier
2024-12-27T19:54:00Z,Nivel Pozo WAS,4.66,outlier
2024-12-27T19:55:00Z,Nivel Pozo WAS,4.64,outlier
2024-12-27T19:56:00Z,Nivel Pozo WAS,4.64,outlier
2024-12-27T19:57:00Z,Nivel Pozo WAS,4.654999999999999,outlier
2024-12-27T19:59:00Z,Nivel Pozo WAS,4.67,outlier
2024-12-27T20:00:00Z,Nivel Pozo WAS,4.64,outlier
2024-12-27T20:01:00Z,Nivel Pozo WAS,4.65,outlier
2024-12-27T20:02:00Z,Nivel Pozo WAS,4.66,outlier
2024-12-27T20:03:00Z,Nivel Pozo WAS,4.67,outlier
2024-12-27T20:04:00Z,Nivel Pozo WAS,4.64,outlier
2024-12-27T20:05:00Z,Nivel Pozo WAS,4.64,outlier
2024-12-27T20:06:00Z,Nivel Pozo WAS,4.67,outlier
2024-12-27T20:07:00Z,Nivel Pozo WAS,4.64,outlier
2024-12-27T20:08:00Z,Nivel Pozo WAS,4.67,outlier
2024-12-27T20:09:00Z,Nivel Pozo WAS,4.66,outlier
2024-12-27T20:10:00Z,Nivel Pozo WAS,4.65,outlier
2024-12-27T20:11:00Z,Nivel Pozo WAS,4.64,outlier
2024-12-27T20:12:00Z,Nivel Pozo WAS,4.58,outlier
2024-12-27T20:13:00Z,Nivel Pozo WAS,4.66,outlier
2024-12-27T20:14:00Z,Nivel Pozo WAS,4.62,outlier
2024-12-27T20:15:00Z,Nivel Pozo WAS,4.59,outlier
2024-12-27T20:16:00Z,Nivel Pozo WAS,4.65,outlier
2024-12-27T20:17:00Z,Nivel Pozo WAS,4.65,outlier
2025-01-15T09:50:00Z,Nivel Pozo WAS,5.51,outlier
2025-01-15T09:51:00Z,Nivel Pozo WAS,5.66,outlier
2025-01-15T09:52:00Z,Nivel Pozo WAS,5.49,outlier
2024-12-27T20:19:00Z,Nivel Pozo WAS,4.51,outlier
2025-01-15T09:46:00Z,Nivel Pozo WAS,4.66,outlier
2025-01-15T09:47:00Z,Nivel Pozo WAS,4.96,outlier
2025-01-15T09:48:00Z,Nivel Pozo WAS,5.14,outlier
2025-01-15T09:49:00Z,Nivel Pozo WAS,5.38,outlier
2025-01-15T09:53:00Z,Nivel Pozo WAS,5.3,outlier
2025-01-15T09:54:00Z,Nivel Pozo WAS,5.22,outlier
2025-01-15T09:55:00Z,Nivel Pozo WAS,5.19,outlier
2025-01-15T09:56:00Z,Nivel Pozo WAS,5.17,outlier
2025-01-15T09:57:00Z,Nivel Pozo WAS,5.21,outlier
2025-01-15T09:58:00Z,Nivel Pozo WAS,5.18,outlier
2025-01-15T10:00:00Z,Nivel Pozo WAS,5.18,outlier
2025-01-15T10:01:00Z,Nivel Pozo WAS,5.14,outlier
2025-01-15T10:02:00Z,Nivel Pozo WAS,5.17,outlier
2025-01-15T10:03:00Z,Nivel Pozo WAS,5.19,outlier
2025-01-15T10:04:00Z,Nivel Pozo WAS,5.17,outlier
2025-01-15T10:05:00Z,Nivel Pozo WAS,5.14,outlier
2025-01-15T10:06:00Z,Nivel Pozo WAS,5.17,outlier
2025-01-15T10:07:00Z,Nivel Pozo WAS,5.18,outlier
2025-01-15T10:08:00Z,Nivel Pozo WAS,5.17,outlier
2025-01-15T10:09:00Z,Nivel Pozo WAS,5.16,outlier
2025-01-15T10:10:00Z,Nivel Pozo WAS,5.15,outlier
2025-01-15T10:11:00Z,Nivel Pozo WAS,5.14,outlier
2025-01-15T10:12:00Z,Nivel Pozo WAS,5.14,outlier
2025-01-15T10:13:00Z,Nivel Pozo WAS,5.13,outlier
2025-01-15T10:14:00Z,Nivel Pozo WAS,5.14,outlier
2025-01-15T10:15:00Z,Nivel Pozo WAS,5.13,outlier
2025-01-15T10:16:00Z,Nivel Pozo WAS,5.12,outlier
2025-01-15T10:17:00Z,Nivel Pozo WAS,5.13,outlier
2025-01-15T10:18:00Z,Nivel Pozo WAS,5.13,outlier
2025-01-15T10:19:00Z,Nivel Pozo WAS,5.13,outlier
2025-01-15T10:20:00Z,Nivel Pozo WAS,5.14,outlier
2025-01-15T10:21:00Z,Nivel Pozo WAS,5.14,outlier
2025-01-15T10:22:00Z,Nivel Pozo WAS,5.13,outlier
2025-01-15T10:23:00Z,Nivel Pozo WAS,5.135,outlier
2025-01-15T10:25:00Z,Nivel Pozo WAS,5.11,outlier
2025-01-15T10:26:00Z,Nivel Pozo WAS,5.16,outlier
2025-01-15T10:27:00Z,Nivel Pozo WAS,5.14,outlier
2025-01-15T10:28:00Z,Nivel Pozo WAS,5.15,outlier
2025-01-15T10:29:00Z,Nivel Pozo WAS,5.11,outlier
2025-01-15T10:30:00Z,Nivel Pozo WAS,5.13,outlier
2025-01-15T10:31:00Z,Nivel Pozo WAS,5.16,outlier
2025-01-15T10:32:00Z,Nivel Pozo WAS,5.16,outlier
2025-01-15T10:33:00Z,Nivel Pozo WAS,5.15,outlier
2025-01-15T10:34:00Z,Nivel Pozo WAS,5.14,outlier
2025-01-15T10:35:00Z,Nivel Pozo WAS,5.11,outlier
2025-01-15T10:36:00Z,Nivel Pozo WAS,5.14,outlier
2025-01-15T10:37:00Z,Nivel Pozo WAS,5.17,outlier
2025-01-15T10:38:00Z,Nivel Pozo WAS,5.14,outlier
2025-01-15T10:40:00Z,Nivel Pozo WAS,5.14,outlier
2025-01-15T10:41:00Z,Nivel Pozo WAS,5.14,outlier
2025-01-15T10:42:00Z,Nivel Pozo WAS,5.16,outlier
2025-01-15T10:43:00Z,Nivel Pozo WAS,5.13,outlier
2025-01-15T10:44:00Z,Nivel Pozo WAS,5.14,outlier
2025-01-15T10:45:00Z,Nivel Pozo WAS,5.16,outlier
2025-01-15T10:46:00Z,Nivel Pozo WAS,5.17,outlier
2025-01-15T10:47:00Z,Nivel Pozo WAS,5.14,outlier
2025-01-15T10:48:00Z,Nivel Pozo WAS,5.15,outlier
2025-01-15T10:50:00Z,Nivel Pozo WAS,5.17,outlier
2025-01-15T10:51:00Z,Nivel Pozo WAS,5.135,outlier
2025-01-15T10:52:00Z,Nivel Pozo WAS,5.15,outlier
2025-01-15T10:54:00Z,Nivel Pozo WAS,5.15,outlier
2025-01-15T10:55:00Z,Nivel Pozo WAS,5.16,outlier
2025-01-15T10:56:00Z,Nivel Pozo WAS,5.14,outlier
2025-01-15T10:57:00Z,Nivel Pozo WAS,5.12,outlier
2025-01-15T10:58:00Z,Nivel Pozo WAS,5.14,outlier
2025-01-15T10:59:00Z,Nivel Pozo WAS,5.11,outlier
2025-01-15T11:01:00Z,Nivel Pozo WAS,5.08,outlier
2025-01-15T11:02:00Z,Nivel Pozo WAS,5.08,outlier
2025-01-15T11:03:00Z,Nivel Pozo WAS,5.07,outlier
2025-01-15T11:04:00Z,Nivel Pozo WAS,5.09,outlier
2025-01-15T11:05:00Z,Nivel Pozo WAS,5.09,outlier
2025-01-15T11:06:00Z,Nivel Pozo WAS,5.06,outlier
2025-01-15T11:07:00Z,Nivel Pozo WAS,5.08,outlier
2025-01-15T11:08:00Z,Nivel Pozo WAS,5.09,outlier
2025-01-15T11:09:00Z,Nivel Pozo WAS,5.1,outlier
2025-01-15T11:10:00Z,Nivel Pozo WAS,5.09,outlier
2025-01-15T11:11:00Z,Nivel Pozo WAS,5.1,outlier
2025-01-15T11:12:00Z,Nivel Pozo WAS,5.1,outlier
2025-01-15T11:13:00Z,Nivel Pozo WAS,5.1,outlier
2025-01-15T11:14:00Z,Nivel Pozo WAS,5.09,outlier
2025-01-15T11:15:00Z,Nivel Pozo WAS,5.1,outlier
2025-01-15T11:16:00Z,Nivel Pozo WAS,5.08,outlier
2025-01-15T11:17:00Z,Nivel Pozo WAS,5.11,outlier
2025-01-15T11:18:00Z,Nivel Pozo WAS,5.08,outlier
2025-01-15T11:19:00Z,Nivel Pozo WAS,5.12,outlier
2025-01-15T11:20:00Z,Nivel Pozo WAS,5.09,outlier
2025-01-15T11:21:00Z,Nivel Pozo WAS,5.1,outlier
2025-01-15T11:22:00Z,Nivel Pozo WAS,5.11,outlier
2025-01-15T11:23:00Z,Nivel Pozo WAS,4.9,outlier
2024-08-14T19:48:00Z,Nivel Pozo WAS,2.02,outlier
2024-08-14T20:35:00Z,Nivel Pozo WAS,2.1645,outlier
2024-08-14T20:37:00Z,Nivel Pozo WAS,0.0,outlier
2024-08-14T20:41:00Z,Nivel Pozo WAS,2.059,outlier
2024-08-14T20:50:00Z,Nivel Pozo WAS,0.0,outlier
2024-08-14T20:53:00Z,Nivel Pozo WAS,0.0,outlier
2024-08-28T20:17:00Z,Nivel Pozo WAS,1.681,outlier
2024-08-28T20:18:00Z,Nivel Pozo WAS,1.579,outlier
2024-08-28T20:19:00Z,Nivel Pozo WAS,1.583,outlier
2024-08-28T20:20:00Z,Nivel Pozo WAS,1.603,outlier
2024-08-28T20:21:00Z,Nivel Pozo WAS,1.57,outlier
2024-08-28T20:22:00Z,Nivel Pozo WAS,1.607,outlier
2024-08-28T20:23:00Z,Nivel Pozo WAS,1.587,outlier
2024-08-28T20:24:00Z,Nivel Pozo WAS,1.609,outlier
2024-08-28T20:25:00Z,Nivel Pozo WAS,1.634,outlier
2024-08-28T20:26:00Z,Nivel Pozo WAS,1.624,outlier
2024-08-28T20:27:00Z,Nivel Pozo WAS,1.609,outlier
2024-08-28T20:28:00Z,Nivel Pozo WAS,1.648,outlier
2024-08-28T20:29:00Z,Nivel Pozo WAS,1.616,outlier
2024-08-28T20:30:00Z,Nivel Pozo WAS,1.637,outlier
2024-08-28T20:32:00Z,Nivel Pozo WAS,1.634,outlier
2024-08-28T20:33:00Z,Nivel Pozo WAS,1.642,outlier
2024-08-28T20:34:00Z,Nivel Pozo WAS,1.609,outlier
2024-08-28T20:35:00Z,Nivel Pozo WAS,1.6135000000000002,outlier
2024-08-28T20:37:00Z,Nivel Pozo WAS,1.65,outlier
2024-08-28T20:38:00Z,Nivel Pozo WAS,1.627,outlier
2024-08-28T20:39:00Z,Nivel Pozo WAS,1.627,outlier
2024-08-29T13:56:00Z,Nivel Pozo WAS,1.681,outlier
2024-08-29T13:57:00Z,Nivel Pozo WAS,1.6840000000000002,outlier
2024-08-29T13:59:00Z,Nivel Pozo WAS,1.673,outlier
2024-08-29T14:00:00Z,Nivel Pozo WAS,1.703,outlier
2024-08-29T14:01:00Z,Nivel Pozo WAS,1.687,outlier
2024-08-29T14:02:00Z,Nivel Pozo WAS,1.675,outlier
2024-08-29T14:03:00Z,Nivel Pozo WAS,1.683,outlier
2024-08-29T14:04:00Z,Nivel Pozo WAS,1.681,outlier
2024-08-29T14:05:00Z,Nivel Pozo WAS,1.675,outlier
2024-08-29T14:07:00Z,Nivel Pozo WAS,1.6920000000000002,outlier
2024-08-29T14:23:00Z,Nivel Pozo WAS,1.677,outlier
2024-08-29T14:33:00Z,Nivel Pozo WAS,1.671,outlier
2024-08-29T14:34:00Z,Nivel Pozo WAS,1.697,outlier
2024-08-29T14:35:00Z,Nivel Pozo WAS,1.703,outlier
2024-08-29T14:36:00Z,Nivel Pozo WAS,1.703,outlier
2024-08-29T14:37:00Z,Nivel Pozo WAS,1.671,outlier
2024-08-29T14:38:00Z,Nivel Pozo WAS,1.687,outlier
2024-08-29T14:39:00Z,Nivel Pozo WAS,1.689,outlier
2024-08-29T14:40:00Z,Nivel Pozo WAS,1.681,outlier
2024-08-29T14:42:00Z,Nivel Pozo WAS,1.685,outlier
2024-08-29T14:43:00Z,Nivel Pozo WAS,1.712,outlier
2024-08-29T14:44:00Z,Nivel Pozo WAS,1.699,outlier
2024-08-29T14:45:00Z,Nivel Pozo WAS,1.689,outlier
2024-08-29T14:46:00Z,Nivel Pozo WAS,1.714,outlier
2024-08-29T14:47:00Z,Nivel Pozo WAS,1.695,outlier
2024-08-29T14:48:00Z,Nivel Pozo WAS,1.689,outlier
2024-08-29T14:49:00Z,Nivel Pozo WAS,1.685,outlier
2024-08-29T14:50:00Z,Nivel Pozo WAS,1.703,outlier
2024-08-29T14:51:00Z,Nivel Pozo WAS,1.683,outlier
2024-08-29T14:52:00Z,Nivel Pozo WAS,1.663,outlier
2024-08-29T14:53:00Z,Nivel Pozo WAS,1.711,outlier
2024-08-29T14:54:00Z,Nivel Pozo WAS,1.691,outlier
2024-08-29T14:55:00Z,Nivel Pozo WAS,1.681,outlier
2024-08-29T14:56:00Z,Nivel Pozo WAS,1.673,outlier
2024-08-29T14:57:00Z,Nivel Pozo WAS,1.671,outlier
2024-08-29T14:58:00Z,Nivel Pozo WAS,1.689,outlier
2024-08-29T14:59:00Z,Nivel Pozo WAS,1.689,outlier
2024-08-29T15:00:00Z,Nivel Pozo WAS,1.711,outlier
2024-08-29T15:01:00Z,Nivel Pozo WAS,1.689,outlier
2024-08-29T15:02:00Z,Nivel Pozo WAS,1.687,outlier
2024-08-29T15:03:00Z,Nivel Pozo WAS,1.673,outlier
2024-08-29T15:04:00Z,Nivel Pozo WAS,1.695,outlier
2024-08-29T15:05:00Z,Nivel Pozo WAS,1.658,outlier
2024-08-29T15:06:00Z,Nivel Pozo WAS,1.675,outlier
2024-08-29T15:07:00Z,Nivel Pozo WAS,1.679,outlier
2024-08-29T15:08:00Z,Nivel Pozo WAS,1.609,outlier
2024-08-29T15:09:00Z,Nivel Pozo WAS,1.695,outlier
2024-08-29T15:10:00Z,Nivel Pozo WAS,1.667,outlier
2024-08-29T15:11:00Z,Nivel Pozo WAS,1.64,outlier
2024-08-29T15:12:00Z,Nivel Pozo WAS,1.689,outlier
2024-08-29T15:13:00Z,Nivel Pozo WAS,1.627,outlier
2024-08-29T15:14:00Z,Nivel Pozo WAS,1.681,outlier
2024-08-29T15:15:00Z,Nivel Pozo WAS,1.687,outlier
2024-08-29T15:16:00Z,Nivel Pozo WAS,1.673,outlier
2024-08-29T15:17:00Z,Nivel Pozo WAS,1.667,outlier
2024-08-29T15:18:00Z,Nivel Pozo WAS,1.624,outlier
2024-08-29T15:19:00Z,Nivel Pozo WAS,1.673,outlier
2024-08-29T15:20:00Z,Nivel Pozo WAS,1.671,outlier
2024-08-29T15:21:00Z,Nivel Pozo WAS,1.666,outlier
2024-08-29T15:22:00Z,Nivel Pozo WAS,1.667,outlier
2024-08-29T15:23:00Z,Nivel Pozo WAS,1.66,outlier
2024-08-29T15:24:00Z,Nivel Pozo WAS,1.689,outlier
2024-08-29T15:25:00Z,Nivel Pozo WAS,1.677,outlier
2024-08-29T15:26:00Z,Nivel Pozo WAS,1.679,outlier
2024-08-29T15:27:00Z,Nivel Pozo WAS,1.695,outlier
2024-08-29T15:28:00Z,Nivel Pozo WAS,1.654,outlier
2024-08-29T15:29:00Z,Nivel Pozo WAS,1.689,outlier
2024-08-29T15:30:00Z,Nivel Pozo WAS,1.703,outlier
2024-08-29T15:31:00Z,Nivel Pozo WAS,1.703,outlier
2024-08-29T15:32:00Z,Nivel Pozo WAS,1.685,outlier
2024-08-29T15:33:00Z,Nivel Pozo WAS,1.673,outlier
2024-08-29T15:34:00Z,Nivel Pozo WAS,1.64,outlier
2024-08-29T15:35:00Z,Nivel Pozo WAS,1.689,outlier
2024-08-29T15:36:00Z,Nivel Pozo WAS,1.683,outlier
2024-08-29T15:37:00Z,Nivel Pozo WAS,1.66,outlier
2024-08-29T15:38:00Z,Nivel Pozo WAS,1.669,outlier
2024-08-29T15:39:00Z,Nivel Pozo WAS,1.64,outlier
2024-08-29T15:40:00Z,Nivel Pozo WAS,1.695,outlier
2024-08-29T15:41:00Z,Nivel Pozo WAS,1.689,outlier
2024-08-29T15:42:00Z,Nivel Pozo WAS,1.663,outlier
2024-08-29T15:43:00Z,Nivel Pozo WAS,1.699,outlier
2024-08-29T15:44:00Z,Nivel Pozo WAS,1.695,outlier
2024-08-29T15:46:00Z,Nivel Pozo WAS,1.683,outlier
2024-08-29T15:47:00Z,Nivel Pozo WAS,1.671,outlier
2024-08-29T15:48:00Z,Nivel Pozo WAS,1.673,outlier
2024-08-29T15:49:00Z,Nivel Pozo WAS,1.703,outlier
2024-08-29T15:50:00Z,Nivel Pozo WAS,1.685,outlier
2024-08-29T15:51:00Z,Nivel Pozo WAS,1.663,outlier
2024-08-29T15:52:00Z,Nivel Pozo WAS,1.673,outlier
2024-08-29T15:53:00Z,Nivel Pozo WAS,1.674,outlier
2024-08-29T15:55:00Z,Nivel Pozo WAS,1.6960000000000002,outlier
2024-08-29T15:57:00Z,Nivel Pozo WAS,1.683,outlier
2024-08-29T15:58:00Z,Nivel Pozo WAS,1.681,outlier
2024-08-29T15:59:00Z,Nivel Pozo WAS,1.671,outlier
2024-08-29T16:01:00Z,Nivel Pozo WAS,1.677,outlier
2024-08-29T16:03:00Z,Nivel Pozo WAS,1.679,outlier
2024-08-29T16:04:00Z,Nivel Pozo WAS,1.673,outlier
2024-08-29T16:05:00Z,Nivel Pozo WAS,1.666,outlier
2024-08-29T16:06:00Z,Nivel Pozo WAS,1.703,outlier
2024-08-29T16:07:00Z,Nivel Pozo WAS,1.673,outlier
2024-08-29T16:08:00Z,Nivel Pozo WAS,1.705,outlier
2024-08-29T16:09:00Z,Nivel Pozo WAS,1.663,outlier
2024-08-29T16:10:00Z,Nivel Pozo WAS,1.685,outlier
2024-08-29T16:11:00Z,Nivel Pozo WAS,1.658,outlier
2024-08-29T16:12:00Z,Nivel Pozo WAS,1.703,outlier
2024-08-29T16:13:00Z,Nivel Pozo WAS,1.669,outlier
2024-08-29T16:14:00Z,Nivel Pozo WAS,1.687,outlier
2024-08-29T16:15:00Z,Nivel Pozo WAS,1.671,outlier
2024-08-29T16:16:00Z,Nivel Pozo WAS,1.685,outlier
2024-08-29T16:17:00Z,Nivel Pozo WAS,1.673,outlier
2024-08-29T16:18:00Z,Nivel Pozo WAS,1.689,outlier
2024-08-29T16:19:00Z,Nivel Pozo WAS,1.695,outlier
2024-08-29T16:20:00Z,Nivel Pozo WAS,1.7,outlier
2024-08-29T16:21:00Z,Nivel Pozo WAS,1.705,outlier
2024-08-29T16:22:00Z,Nivel Pozo WAS,1.687,outlier
2024-08-29T16:23:00Z,Nivel Pozo WAS,1.687,outlier
2024-08-29T16:24:00Z,Nivel Pozo WAS,1.66,outlier
2024-08-29T16:25:00Z,Nivel Pozo WAS,1.675,outlier
2024-08-29T16:26:00Z,Nivel Pozo WAS,1.666,outlier
2024-08-29T16:27:00Z,Nivel Pozo WAS,1.673,outlier
2024-08-29T16:28:00Z,Nivel Pozo WAS,1.695,outlier
2024-08-29T16:29:00Z,Nivel Pozo WAS,1.685,outlier
2024-08-29T16:30:00Z,Nivel Pozo WAS,1.663,outlier
2024-08-29T16:31:00Z,Nivel Pozo WAS,1.685,outlier
2024-08-29T16:32:00Z,Nivel Pozo WAS,1.689,outlier
2024-08-29T16:34:00Z,Nivel Pozo WAS,1.679,outlier
2024-08-29T16:35:00Z,Nivel Pozo WAS,1.695,outlier
2024-08-29T16:36:00Z,Nivel Pozo WAS,1.683,outlier
2024-08-29T16:37:00Z,Nivel Pozo WAS,1.683,outlier
2024-08-29T16:38:00Z,Nivel Pozo WAS,1.677,outlier
2024-08-29T16:39:00Z,Nivel Pozo WAS,1.671,outlier
2024-08-29T16:41:00Z,Nivel Pozo WAS,1.675,outlier
2024-08-29T16:42:00Z,Nivel Pozo WAS,1.683,outlier
2024-08-29T16:43:00Z,Nivel Pozo WAS,1.683,outlier
2024-08-29T16:45:00Z,Nivel Pozo WAS,1.687,outlier
2024-08-29T16:46:00Z,Nivel Pozo WAS,1.712,outlier
2024-08-29T16:47:00Z,Nivel Pozo WAS,1.703,outlier
2024-08-29T16:48:00Z,Nivel Pozo WAS,1.705,outlier
2024-08-29T16:49:00Z,Nivel Pozo WAS,1.677,outlier
2024-08-29T16:50:00Z,Nivel Pozo WAS,1.683,outlier
2024-08-29T16:51:00Z,Nivel Pozo WAS,1.681,outlier
2024-08-29T16:52:00Z,Nivel Pozo WAS,1.685,outlier
2024-08-29T16:53:00Z,Nivel Pozo WAS,1.695,outlier
2024-08-29T16:54:00Z,Nivel Pozo WAS,1.679,outlier
2024-08-29T16:55:00Z,Nivel Pozo WAS,1.683,outlier
2024-08-29T16:56:00Z,Nivel Pozo WAS,1.683,outlier
2024-08-29T16:57:00Z,Nivel Pozo WAS,1.681,outlier
2024-08-29T16:58:00Z,Nivel Pozo WAS,1.669,outlier
2024-08-29T16:59:00Z,Nivel Pozo WAS,1.705,outlier
2024-08-29T17:00:00Z,Nivel Pozo WAS,1.6880000000000002,outlier
2024-08-29T17:02:00Z,Nivel Pozo WAS,1.666,outlier
2024-08-29T17:03:00Z,Nivel Pozo WAS,1.695,outlier
2024-08-29T17:04:00Z,Nivel Pozo WAS,1.712,outlier
2024-08-29T17:05:00Z,Nivel Pozo WAS,1.703,outlier
2024-08-29T17:06:00Z,Nivel Pozo WAS,1.689,outlier
2024-08-29T17:07:00Z,Nivel Pozo WAS,1.671,outlier
2024-08-29T17:08:00Z,Nivel Pozo WAS,1.673,outlier
2024-08-29T17:09:00Z,Nivel Pozo WAS,1.683,outlier
2024-08-29T17:10:00Z,Nivel Pozo WAS,1.667,outlier
2024-08-29T17:11:00Z,Nivel Pozo WAS,1.66,outlier
2024-08-29T17:12:00Z,Nivel Pozo WAS,1.683,outlier
2024-08-29T17:13:00Z,Nivel Pozo WAS,1.673,outlier
2024-08-29T17:14:00Z,Nivel Pozo WAS,1.681,outlier
2024-08-29T17:15:00Z,Nivel Pozo WAS,1.705,outlier
2024-08-29T17:16:00Z,Nivel Pozo WAS,1.689,outlier
2024-08-29T17:17:00Z,Nivel Pozo WAS,1.685,outlier
2024-08-29T17:18:00Z,Nivel Pozo WAS,1.681,outlier
2024-08-29T17:19:00Z,Nivel Pozo WAS,1.697,outlier
2024-08-29T17:20:00Z,Nivel Pozo WAS,1.654,outlier
2024-08-29T17:21:00Z,Nivel Pozo WAS,1.671,outlier
2024-08-29T17:22:00Z,Nivel Pozo WAS,1.695,outlier
2024-08-29T17:23:00Z,Nivel Pozo WAS,1.681,outlier
2024-08-29T17:24:00Z,Nivel Pozo WAS,1.654,outlier
2024-08-29T17:25:00Z,Nivel Pozo WAS,1.671,outlier
2024-08-29T17:26:00Z,Nivel Pozo WAS,1.681,outlier
2024-08-29T17:27:00Z,Nivel Pozo WAS,1.673,outlier
2024-08-29T17:28:00Z,Nivel Pozo WAS,1.667,outlier
2024-08-29T17:29:00Z,Nivel Pozo WAS,1.705,outlier
2024-08-29T17:30:00Z,Nivel Pozo WAS,1.683,outlier
2024-08-29T17:31:00Z,Nivel Pozo WAS,1.679,outlier
2024-08-29T17:32:00Z,Nivel Pozo WAS,1.681,outlier
2024-08-29T17:33:00Z,Nivel Pozo WAS,1.655,outlier
2024-08-29T17:34:00Z,Nivel Pozo WAS,1.695,outlier
2024-08-29T17:35:00Z,Nivel Pozo WAS,1.695,outlier
2024-08-29T17:36:00Z,Nivel Pozo WAS,1.683,outlier
2024-08-29T17:37:00Z,Nivel Pozo WAS,1.703,outlier
2024-08-29T17:38:00Z,Nivel Pozo WAS,1.681,outlier
2024-08-29T17:39:00Z,Nivel Pozo WAS,1.706,outlier
2024-08-29T17:40:00Z,Nivel Pozo WAS,1.673,outlier
2024-08-29T17:41:00Z,Nivel Pozo WAS,1.687,outlier
2024-08-29T17:42:00Z,Nivel Pozo WAS,1.689,outlier
2024-08-29T17:43:00Z,Nivel Pozo WAS,1.685,outlier
2024-08-29T17:44:00Z,Nivel Pozo WAS,1.681,outlier
2024-08-29T17:45:00Z,Nivel Pozo WAS,1.693,outlier
2024-08-29T17:46:00Z,Nivel Pozo WAS,1.655,outlier
2024-08-29T17:47:00Z,Nivel Pozo WAS,1.689,outlier
2024-08-29T17:48:00Z,Nivel Pozo WAS,1.687,outlier
2024-08-29T17:49:00Z,Nivel Pozo WAS,1.681,outlier
2024-08-29T17:50:00Z,Nivel Pozo WAS,1.673,outlier
2024-08-29T17:51:00Z,Nivel Pozo WAS,1.683,outlier
2024-08-29T17:52:00Z,Nivel Pozo WAS,1.663,outlier
2024-08-29T17:53:00Z,Nivel Pozo WAS,1.703,outlier
2024-08-29T17:54:00Z,Nivel Pozo WAS,1.712,outlier
2024-08-29T17:55:00Z,Nivel Pozo WAS,1.679,outlier
2024-08-29T17:56:00Z,Nivel Pozo WAS,1.685,outlier
2024-08-29T17:57:00Z,Nivel Pozo WAS,1.683,outlier
2024-08-29T17:58:00Z,Nivel Pozo WAS,1.691,outlier
2024-08-29T17:59:00Z,Nivel Pozo WAS,1.66,outlier
2024-08-29T18:00:00Z,Nivel Pozo WAS,1.673,outlier
2024-08-29T18:01:00Z,Nivel Pozo WAS,1.671,outlier
2024-08-29T18:02:00Z,Nivel Pozo WAS,1.681,outlier
2024-08-29T18:03:00Z,Nivel Pozo WAS,1.658,outlier
2024-08-29T18:04:00Z,Nivel Pozo WAS,1.697,outlier
2024-08-29T18:05:00Z,Nivel Pozo WAS,1.663,outlier
2024-08-29T18:06:00Z,Nivel Pozo WAS,1.695,outlier
2024-08-29T18:07:00Z,Nivel Pozo WAS,1.671,outlier
2024-08-29T18:08:00Z,Nivel Pozo WAS,1.697,outlier
2024-08-29T18:09:00Z,Nivel Pozo WAS,1.663,outlier
2024-08-29T18:10:00Z,Nivel Pozo WAS,1.683,outlier
2024-08-29T18:11:00Z,Nivel Pozo WAS,1.679,outlier
2024-08-29T18:12:00Z,Nivel Pozo WAS,1.683,outlier
2024-08-29T18:13:00Z,Nivel Pozo WAS,1.673,outlier
2024-08-29T18:14:00Z,Nivel Pozo WAS,1.7,outlier
2024-08-29T18:15:00Z,Nivel Pozo WAS,1.671,outlier
2024-08-29T18:16:00Z,Nivel Pozo WAS,1.711,outlier
2024-08-29T18:17:00Z,Nivel Pozo WAS,1.689,outlier
2024-08-29T18:18:00Z,Nivel Pozo WAS,1.685,outlier
2024-08-29T18:20:00Z,Nivel Pozo WAS,1.655,outlier
2024-08-29T18:21:00Z,Nivel Pozo WAS,1.687,outlier
2024-08-29T18:22:00Z,Nivel Pozo WAS,1.679,outlier
2024-08-29T18:23:00Z,Nivel Pozo WAS,1.652,outlier
2024-08-29T18:24:00Z,Nivel Pozo WAS,1.661,outlier
2024-08-29T18:25:00Z,Nivel Pozo WAS,1.673,outlier
2024-08-29T18:26:00Z,Nivel Pozo WAS,1.681,outlier
2024-08-29T18:27:00Z,Nivel Pozo WAS,1.693,outlier
2024-08-29T18:28:00Z,Nivel Pozo WAS,1.673,outlier
2024-08-29T18:29:00Z,Nivel Pozo WAS,1.681,outlier
2024-08-29T18:30:00Z,Nivel Pozo WAS,1.66,outlier
2024-08-29T18:31:00Z,Nivel Pozo WAS,1.681,outlier
2024-08-29T18:32:00Z,Nivel Pozo WAS,1.673,outlier
2024-08-29T18:33:00Z,Nivel Pozo WAS,1.673,outlier
2024-08-29T18:34:00Z,Nivel Pozo WAS,1.655,outlier
2024-08-29T18:35:00Z,Nivel Pozo WAS,1.679,outlier
2024-08-29T18:36:00Z,Nivel Pozo WAS,1.673,outlier
2024-08-29T18:37:00Z,Nivel Pozo WAS,1.683,outlier
2024-08-29T18:38:00Z,Nivel Pozo WAS,1.671,outlier
2024-08-29T18:39:00Z,Nivel Pozo WAS,1.671,outlier
2024-08-29T18:40:00Z,Nivel Pozo WAS,1.673,outlier
2024-08-29T18:41:00Z,Nivel Pozo WAS,1.7,outlier
2024-08-29T18:42:00Z,Nivel Pozo WAS,1.655,outlier
2024-08-29T18:43:00Z,Nivel Pozo WAS,1.655,outlier
2024-08-29T18:44:00Z,Nivel Pozo WAS,1.652,outlier
2024-08-29T18:45:00Z,Nivel Pozo WAS,1.655,outlier
2024-08-29T18:46:00Z,Nivel Pozo WAS,1.697,outlier
2024-08-29T18:47:00Z,Nivel Pozo WAS,1.695,outlier
2024-08-29T18:48:00Z,Nivel Pozo WAS,1.703,outlier
2024-08-29T18:49:00Z,Nivel Pozo WAS,1.671,outlier
2024-08-29T18:50:00Z,Nivel Pozo WAS,1.695,outlier
2024-08-29T18:51:00Z,Nivel Pozo WAS,1.681,outlier
2024-08-29T18:52:00Z,Nivel Pozo WAS,1.679,outlier
2024-08-29T18:53:00Z,Nivel Pozo WAS,1.693,outlier
2024-08-29T18:54:00Z,Nivel Pozo WAS,1.708,outlier
2024-08-29T18:55:00Z,Nivel Pozo WAS,1.691,outlier
2024-08-29T18:56:00Z,Nivel Pozo WAS,1.671,outlier
2024-08-29T18:57:00Z,Nivel Pozo WAS,1.681,outlier
2024-08-29T18:58:00Z,Nivel Pozo WAS,1.687,outlier
2024-08-29T18:59:00Z,Nivel Pozo WAS,1.671,outlier
2024-08-29T19:00:00Z,Nivel Pozo WAS,1.703,outlier
2024-08-29T19:01:00Z,Nivel Pozo WAS,1.673,outlier
2024-08-29T19:02:00Z,Nivel Pozo WAS,1.675,outlier
2024-08-29T19:03:00Z,Nivel Pozo WAS,1.686,outlier
2024-08-29T19:04:00Z,Nivel Pozo WAS,1.705,outlier
2024-08-29T19:06:00Z,Nivel Pozo WAS,1.697,outlier
2024-08-29T19:07:00Z,Nivel Pozo WAS,1.689,outlier
2024-08-29T19:08:00Z,Nivel Pozo WAS,1.66,outlier
2024-08-29T19:09:00Z,Nivel Pozo WAS,1.679,outlier
2024-08-29T19:10:00Z,Nivel Pozo WAS,1.681,outlier
2024-08-29T19:11:00Z,Nivel Pozo WAS,1.703,outlier
2024-08-29T19:12:00Z,Nivel Pozo WAS,1.669,outlier
2024-08-29T19:13:00Z,Nivel Pozo WAS,1.6915,outlier
2024-08-29T19:15:00Z,Nivel Pozo WAS,1.673,outlier
2024-08-29T19:16:00Z,Nivel Pozo WAS,1.703,outlier
2024-08-29T19:17:00Z,Nivel Pozo WAS,1.689,outlier
2024-08-29T19:18:00Z,Nivel Pozo WAS,1.681,outlier
2024-08-29T19:19:00Z,Nivel Pozo WAS,1.699,outlier
2024-08-29T19:20:00Z,Nivel Pozo WAS,1.683,outlier
2024-08-29T19:21:00Z,Nivel Pozo WAS,1.693,outlier
2024-08-29T19:22:00Z,Nivel Pozo WAS,1.687,outlier
2024-08-29T19:23:00Z,Nivel Pozo WAS,1.683,outlier
2024-08-29T19:24:00Z,Nivel Pozo WAS,1.685,outlier
2024-08-29T19:25:00Z,Nivel Pozo WAS,1.666,outlier
2024-08-29T19:26:00Z,Nivel Pozo WAS,1.663,outlier
2024-08-29T19:27:00Z,Nivel Pozo WAS,1.658,outlier
2024-08-29T19:28:00Z,Nivel Pozo WAS,1.673,outlier
2024-08-29T19:29:00Z,Nivel Pozo WAS,1.699,outlier
2024-08-29T19:30:00Z,Nivel Pozo WAS,1.6800000000000002,outlier
2024-08-29T19:32:00Z,Nivel Pozo WAS,1.683,outlier
2024-08-29T19:33:00Z,Nivel Pozo WAS,1.671,outlier
2024-08-29T19:34:00Z,Nivel Pozo WAS,1.685,outlier
2024-08-29T19:35:00Z,Nivel Pozo WAS,1.687,outlier
2024-08-29T19:36:00Z,Nivel Pozo WAS,1.671,outlier
2024-08-29T19:37:00Z,Nivel Pozo WAS,1.679,outlier
2024-08-29T19:38:00Z,Nivel Pozo WAS,1.663,outlier
2024-08-29T19:39:00Z,Nivel Pozo WAS,1.703,outlier
2024-08-29T19:41:00Z,Nivel Pozo WAS,1.703,outlier
2024-08-29T19:42:00Z,Nivel Pozo WAS,1.671,outlier
2024-08-29T19:43:00Z,Nivel Pozo WAS,1.705,outlier
2024-08-29T19:44:00Z,Nivel Pozo WAS,1.898,outlier
2024-11-18T17:32:00Z,Nivel Pozo WAS,2.003,outlier
2024-11-18T17:33:00Z,Nivel Pozo WAS,1.994,outlier
2024-11-18T17:34:00Z,Nivel Pozo WAS,2.0,outlier
2024-11-18T17:35:00Z,Nivel Pozo WAS,2.013,outlier
2024-11-18T17:36:00Z,Nivel Pozo WAS,2.015,outlier
2024-11-18T17:37:00Z,Nivel Pozo WAS,1.984,outlier
2024-11-18T17:38:00Z,Nivel Pozo WAS,1.984,outlier
2024-11-18T17:39:00Z,Nivel Pozo WAS,1.976,outlier
2024-11-18T17:40:00Z,Nivel Pozo WAS,1.958,outlier
2024-11-18T17:41:00Z,Nivel Pozo WAS,1.96,outlier
2024-11-18T17:42:00Z,Nivel Pozo WAS,1.955,outlier
2024-11-18T17:43:00Z,Nivel Pozo WAS,1.955,outlier
2024-11-18T17:44:00Z,Nivel Pozo WAS,1.924,outlier
2024-11-18T17:45:00Z,Nivel Pozo WAS,1.929,outlier
2024-11-18T17:47:00Z,Nivel Pozo WAS,1.924,outlier
2024-11-18T17:48:00Z,Nivel Pozo WAS,1.894,outlier
2024-11-18T17:49:00Z,Nivel Pozo WAS,1.906,outlier
2024-11-18T17:50:00Z,Nivel Pozo WAS,1.905,outlier
2024-11-18T17:51:00Z,Nivel Pozo WAS,1.892,outlier
2024-11-18T17:53:00Z,Nivel Pozo WAS,1.886,outlier
2024-11-18T17:54:00Z,Nivel Pozo WAS,1.871,outlier
2024-11-18T17:55:00Z,Nivel Pozo WAS,1.868,outlier
2024-11-18T17:56:00Z,Nivel Pozo WAS,1.88,outlier
2024-11-18T17:57:00Z,Nivel Pozo WAS,1.868,outlier
2024-11-18T17:58:00Z,Nivel Pozo WAS,1.834,outlier
2024-11-18T17:59:00Z,Nivel Pozo WAS,1.859,outlier
2024-11-18T18:00:00Z,Nivel Pozo WAS,1.828,outlier
2024-11-18T18:01:00Z,Nivel Pozo WAS,1.837,outlier
2024-11-18T18:02:00Z,Nivel Pozo WAS,1.847,outlier
2024-11-18T18:03:00Z,Nivel Pozo WAS,1.9,outlier
2024-12-13T02:32:00Z,Nivel Pozo WAS,1.8450000286102293,outlier
2024-12-13T02:33:00Z,Nivel Pozo WAS,1.8431999683380127,outlier
2024-12-13T02:34:00Z,Nivel Pozo WAS,1.8473999500274656,outlier
2024-12-13T02:35:00Z,Nivel Pozo WAS,1.8588000535964968,outlier
2024-12-13T02:36:00Z,Nivel Pozo WAS,1.8588000535964968,outlier
2024-12-13T02:37:00Z,Nivel Pozo WAS,1.860599994659424,outlier
2024-12-13T02:40:00Z,Nivel Pozo WAS,1.891800045967102,outlier
2024-12-13T02:43:00Z,Nivel Pozo WAS,1.883999943733216,outlier
2024-12-22T08:52:00Z,Nivel Pozo WAS,1.9235999584198,outlier
2024-12-22T09:09:00Z,Nivel Pozo WAS,1.655400037765503,outlier
2024-12-22T09:27:00Z,Nivel Pozo WAS,1.66,outlier
2024-12-22T14:21:00Z,Nivel Pozo WAS,1.6734000444412231,outlier
2024-12-22T14:22:00Z,Nivel Pozo WAS,1.5324000120162964,outlier
2024-12-27T06:23:00Z,Nivel Pozo WAS,1.7003999948501587,outlier
2024-12-27T06:24:00Z,Nivel Pozo WAS,1.69,outlier
2024-12-27T06:25:00Z,Nivel Pozo WAS,1.66,outlier
2024-12-28T17:53:00Z,Nivel Pozo WAS,1.71,outlier
2024-12-28T17:54:00Z,Nivel Pozo WAS,1.41,outlier
2024-12-28T17:55:00Z,Nivel Pozo WAS,1.67,outlier
2024-12-28T17:56:00Z,Nivel Pozo WAS,1.66,outlier
2024-12-28T17:57:00Z,Nivel Pozo WAS,1.66,outlier
2024-12-28T17:58:00Z,Nivel Pozo WAS,1.7,outlier
2024-12-28T17:59:00Z,Nivel Pozo WAS,1.68,outlier
2025-02-08T21:12:00Z,Nivel Pozo WAS,1.63,outlier
2025-02-08T21:13:00Z,Nivel Pozo WAS,1.64,outlier
2025-02-08T21:14:00Z,Nivel Pozo WAS,1.6,outlier
2025-02-08T21:15:00Z,Nivel Pozo WAS,1.58,outlier
2025-02-08T21:16:00Z,Nivel Pozo WAS,1.56,outlier
2025-02-08T21:17:00Z,Nivel Pozo WAS,1.55,outlier
2025-02-08T21:18:00Z,Nivel Pozo WAS,1.58,outlier
2025-02-08T21:19:00Z,Nivel Pozo WAS,1.56,outlier
2025-02-08T21:20:00Z,Nivel Pozo WAS,1.6,outlier
2025-02-08T21:21:00Z,Nivel Pozo WAS,1.65,outlier
2025-02-08T21:22:00Z,Nivel Pozo WAS,1.65,outlier
2025-02-08T21:23:00Z,Nivel Pozo WAS,1.67,outlier
2024-09-21T14:37:00Z,Flujo Afluente PTAR,4931.5,outlier
2024-09-25T18:50:00Z,Flujo Afluente PTAR,4755.1,outlier
2024-12-09T17:18:00Z,Flujo Afluente PTAR,4489.10009765625,outlier
2024-10-09T12:50:00Z,Flujo Afluente PTAR,957.6,outlier
2024-10-09T12:51:00Z,Flujo Afluente PTAR,774.9,outlier
2024-10-09T12:52:00Z,Flujo Afluente PTAR,792.4,outlier
2024-09-05T16:27:00Z,Flujo Alimentación Digestor 1,16.332,outlier
2024-09-05T16:28:00Z,Flujo Alimentación Digestor 1,16.353,outlier
2024-09-05T16:30:00Z,Flujo Alimentación Digestor 1,16.251,outlier
2024-09-05T16:38:00Z,Flujo Alimentación Digestor 1,16.233,outlier
2024-09-05T16:39:00Z,Flujo Alimentación Digestor 1,16.281,outlier
2024-09-05T16:40:00Z,Flujo Alimentación Digestor 1,16.2855,outlier
2024-09-05T21:06:00Z,Flujo Alimentación Digestor 1,16.272,outlier
2024-09-05T21:07:00Z,Flujo Alimentación Digestor 1,16.35,outlier
2024-09-05T21:08:00Z,Flujo Alimentación Digestor 1,16.2765,outlier
2024-09-05T21:10:00Z,Flujo Alimentación Digestor 1,16.299,outlier
2024-10-04T01:11:00Z,Flujo Alimentación Digestor 1,30.438,outlier
2024-10-04T01:12:00Z,Flujo Alimentación Digestor 1,30.399,outlier
2024-10-04T01:13:00Z,Flujo Alimentación Digestor 1,30.468,outlier
2024-10-04T01:14:00Z,Flujo Alimentación Digestor 1,30.477,outlier
2024-10-04T01:26:00Z,Flujo Alimentación Digestor 1,30.555,outlier
2024-10-04T01:27:00Z,Flujo Alimentación Digestor 1,30.537,outlier
2024-10-04T01:28:00Z,Flujo Alimentación Digestor 1,30.537,outlier
2024-10-04T01:29:00Z,Flujo Alimentación Digestor 1,30.438,outlier
2024-10-04T01:30:00Z,Flujo Alimentación Digestor 1,30.498,outlier
2024-10-04T01:36:00Z,Flujo Alimentación Digestor 1,30.576,outlier
2024-10-04T01:37:00Z,Flujo Alimentación Digestor 1,30.576,outlier
2024-10-04T01:38:00Z,Flujo Alimentación Digestor 1,30.525,outlier
2024-10-04T01:39:00Z,Flujo Alimentación Digestor 1,30.459,outlier
2024-10-04T01:40:00Z,Flujo Alimentación Digestor 1,30.321,outlier
2024-10-04T01:47:00Z,Flujo Alimentación Digestor 1,30.5115,outlier
2024-10-04T01:48:00Z,Flujo Alimentación Digestor 1,30.498,outlier
2024-10-04T01:49:00Z,Flujo Alimentación Digestor 1,30.594,outlier
2024-10-04T01:50:00Z,Flujo Alimentación Digestor 1,30.438,outlier
2024-10-04T01:56:00Z,Flujo Alimentación Digestor 1,30.321,outlier
2024-10-04T01:57:00Z,Flujo Alimentación Digestor 1,30.369,outlier
2024-10-04T01:58:00Z,Flujo Alimentación Digestor 1,30.507,outlier
2024-10-04T01:59:00Z,Flujo Alimentación Digestor 1,30.459,outlier
2024-10-04T02:00:00Z,Flujo Alimentación Digestor 1,30.594,outlier
2024-10-04T02:06:00Z,Flujo Alimentación Digestor 1,30.516,outlier
2024-10-04T02:07:00Z,Flujo Alimentación Digestor 1,30.477,outlier
2024-10-04T02:08:00Z,Flujo Alimentación Digestor 1,30.447,outlier
2024-10-04T02:09:00Z,Flujo Alimentación Digestor 1,30.603,outlier
2024-10-04T02:10:00Z,Flujo Alimentación Digestor 1,30.564,outlier
2024-10-04T02:16:00Z,Flujo Alimentación Digestor 1,30.525,outlier
2024-10-04T02:17:00Z,Flujo Alimentación Digestor 1,30.576,outlier
2024-10-04T02:18:00Z,Flujo Alimentación Digestor 1,30.507,outlier
2024-10-04T02:19:00Z,Flujo Alimentación Digestor 1,30.369,outlier
2024-10-04T02:20:00Z,Flujo Alimentación Digestor 1,30.594,outlier
2024-10-04T02:27:00Z,Flujo Alimentación Digestor 1,30.36,outlier
2024-10-04T02:28:00Z,Flujo Alimentación Digestor 1,30.507,outlier
2024-10-04T02:29:00Z,Flujo Alimentación Digestor 1,30.399,outlier
2024-10-04T02:30:00Z,Flujo Alimentación Digestor 1,30.399,outlier
2024-10-04T02:31:00Z,Flujo Alimentación Digestor 1,30.429,outlier
2024-10-04T02:39:00Z,Flujo Alimentación Digestor 1,30.486,outlier
2024-10-04T02:40:00Z,Flujo Alimentación Digestor 1,30.576,outlier
2024-10-04T02:41:00Z,Flujo Alimentación Digestor 1,30.498,outlier
2024-10-04T02:42:00Z,Flujo Alimentación Digestor 1,30.339,outlier
2024-10-04T02:43:00Z,Flujo Alimentación Digestor 1,30.39,outlier
2024-10-04T02:50:00Z,Flujo Alimentación Digestor 1,28.23,outlier
2024-10-04T02:51:00Z,Flujo Alimentación Digestor 1,30.429,outlier
2024-10-04T02:52:00Z,Flujo Alimentación Digestor 1,30.516,outlier
2024-10-04T02:53:00Z,Flujo Alimentación Digestor 1,30.399,outlier
2024-10-04T02:54:00Z,Flujo Alimentación Digestor 1,30.399,outlier
2024-10-04T03:02:00Z,Flujo Alimentación Digestor 1,30.477,outlier
2024-10-04T03:03:00Z,Flujo Alimentación Digestor 1,30.399,outlier
2024-10-04T03:04:00Z,Flujo Alimentación Digestor 1,30.546,outlier
2024-10-04T03:05:00Z,Flujo Alimentación Digestor 1,30.564,outlier
2024-10-04T03:06:00Z,Flujo Alimentación Digestor 1,30.468,outlier
2024-10-04T03:14:00Z,Flujo Alimentación Digestor 1,30.3,outlier
2024-10-04T03:15:00Z,Flujo Alimentación Digestor 1,30.408,outlier
2024-10-04T03:16:00Z,Flujo Alimentación Digestor 1,30.624,outlier
2024-10-04T03:17:00Z,Flujo Alimentación Digestor 1,30.525,outlier
2024-10-04T03:18:00Z,Flujo Alimentación Digestor 1,30.447,outlier
2024-10-04T03:26:00Z,Flujo Alimentación Digestor 1,30.39,outlier
2024-10-04T03:27:00Z,Flujo Alimentación Digestor 1,30.447,outlier
2024-10-04T03:28:00Z,Flujo Alimentación Digestor 1,30.399,outlier
2024-10-04T03:29:00Z,Flujo Alimentación Digestor 1,30.447,outlier
2024-10-04T03:40:00Z,Flujo Alimentación Digestor 1,30.408,outlier
2024-10-04T03:41:00Z,Flujo Alimentación Digestor 1,30.546,outlier
2024-10-04T03:42:00Z,Flujo Alimentación Digestor 1,30.603,outlier
2024-10-04T03:53:00Z,Flujo Alimentación Digestor 1,30.525,outlier
2024-10-04T03:54:00Z,Flujo Alimentación Digestor 1,30.438,outlier
2024-10-04T03:55:00Z,Flujo Alimentación Digestor 1,30.477,outlier
2024-10-04T04:06:00Z,Flujo Alimentación Digestor 1,30.585,outlier
2024-10-04T04:07:00Z,Flujo Alimentación Digestor 1,30.399,outlier
2024-10-04T04:08:00Z,Flujo Alimentación Digestor 1,30.477,outlier
2024-10-04T04:09:00Z,Flujo Alimentación Digestor 1,30.525,outlier
2024-10-04T04:20:00Z,Flujo Alimentación Digestor 1,30.369,outlier
2024-10-04T04:21:00Z,Flujo Alimentación Digestor 1,30.516,outlier
2024-10-04T04:22:00Z,Flujo Alimentación Digestor 1,30.537,outlier
2024-10-04T04:33:00Z,Flujo Alimentación Digestor 1,30.438,outlier
2024-10-04T04:34:00Z,Flujo Alimentación Digestor 1,30.498,outlier
2024-10-04T04:35:00Z,Flujo Alimentación Digestor 1,30.585,outlier
2024-10-04T04:46:00Z,Flujo Alimentación Digestor 1,30.057,outlier
2024-10-04T04:47:00Z,Flujo Alimentación Digestor 1,30.468,outlier
2024-10-04T04:48:00Z,Flujo Alimentación Digestor 1,30.546,outlier
2024-10-04T04:49:00Z,Flujo Alimentación Digestor 1,30.438,outlier
2024-10-04T05:00:00Z,Flujo Alimentación Digestor 1,30.447,outlier
2024-10-04T05:01:00Z,Flujo Alimentación Digestor 1,30.459,outlier
2024-10-04T05:02:00Z,Flujo Alimentación Digestor 1,30.477,outlier
2024-10-04T05:13:00Z,Flujo Alimentación Digestor 1,30.447,outlier
2024-10-04T05:14:00Z,Flujo Alimentación Digestor 1,30.555,outlier
2024-10-04T05:15:00Z,Flujo Alimentación Digestor 1,30.438,outlier
2024-10-04T05:26:00Z,Flujo Alimentación Digestor 1,30.525,outlier
2024-10-04T05:27:00Z,Flujo Alimentación Digestor 1,30.654,outlier
2024-10-04T05:28:00Z,Flujo Alimentación Digestor 1,30.615,outlier
2024-10-04T05:29:00Z,Flujo Alimentación Digestor 1,30.585,outlier
2024-10-04T05:40:00Z,Flujo Alimentación Digestor 1,30.711,outlier
2024-10-04T05:41:00Z,Flujo Alimentación Digestor 1,30.555,outlier
2024-10-04T05:42:00Z,Flujo Alimentación Digestor 1,30.642,outlier
2024-10-04T05:53:00Z,Flujo Alimentación Digestor 1,30.507,outlier
2024-10-04T05:54:00Z,Flujo Alimentación Digestor 1,30.525,outlier
2024-10-04T05:55:00Z,Flujo Alimentación Digestor 1,30.624,outlier
2024-10-04T06:06:00Z,Flujo Alimentación Digestor 1,30.399,outlier
2024-10-04T06:07:00Z,Flujo Alimentación Digestor 1,30.546,outlier
2024-10-04T06:08:00Z,Flujo Alimentación Digestor 1,30.486,outlier
2024-10-04T06:09:00Z,Flujo Alimentación Digestor 1,30.585,outlier
2024-10-04T06:20:00Z,Flujo Alimentación Digestor 1,30.429,outlier
2024-10-04T06:21:00Z,Flujo Alimentación Digestor 1,30.576,outlier
2024-10-04T06:22:00Z,Flujo Alimentación Digestor 1,30.498,outlier
2024-10-04T06:33:00Z,Flujo Alimentación Digestor 1,30.546,outlier
2024-10-04T06:34:00Z,Flujo Alimentación Digestor 1,30.498,outlier
2024-10-04T06:35:00Z,Flujo Alimentación Digestor 1,30.537,outlier
2024-10-05T09:07:00Z,Flujo Alimentación Digestor 1,29.724,outlier
2024-12-14T10:19:00Z,Flujo Alimentación Digestor 2,14.313000679016112,outlier
2024-12-14T10:20:00Z,Flujo Alimentación Digestor 2,14.663999557495115,outlier
2024-12-24T16:45:00Z,Flujo Alimentación Digestor 2,23.498998641967773,outlier
2024-08-14T15:32:00Z,Flujo Alimentación Digestor 3,19.093,outlier
2024-08-17T01:47:00Z,Flujo Alimentación Digestor 3,19.514,outlier
2024-08-19T12:10:00Z,Flujo Alimentación Digestor 3,19.733,outlier
2024-08-21T00:21:00Z,Flujo Alimentación Digestor 3,21.112,outlier
2024-08-24T13:33:00Z,Flujo Alimentación Digestor 3,23.65,outlier
2024-08-25T03:13:00Z,Flujo Alimentación Digestor 3,19.91,outlier
2024-08-25T15:38:00Z,Flujo Alimentación Digestor 3,21.393,outlier
2024-08-28T01:38:00Z,Flujo Alimentación Digestor 3,20.209,outlier
2024-08-30T01:53:00Z,Flujo Alimentación Digestor 3,18.697,outlier
2024-11-09T18:45:00Z,Flujo Alimentación Digestor 3,30.762,outlier
2024-11-10T01:24:00Z,Flujo Alimentación Digestor 3,22.253,outlier
2024-11-16T10:52:00Z,Flujo Alimentación Digestor 3,21.1,outlier
2024-11-21T09:03:00Z,Flujo Alimentación Digestor 3,22.039,outlier
2024-11-24T23:47:00Z,Flujo Alimentación Digestor 3,32.013,outlier
2024-11-26T00:32:00Z,Flujo Alimentación Digestor 3,20.295,outlier
2024-11-28T16:05:00Z,Flujo Alimentación Digestor 3,32.812,outlier
2024-12-03T06:34:00Z,Flujo Alimentación Digestor 3,21.1609001159668,outlier
2024-12-08T19:17:00Z,Flujo Alimentación Digestor 3,25.71150016784668,outlier
2024-12-12T15:04:00Z,Flujo Alimentación Digestor 3,21.551300048828125,outlier
2024-12-21T18:09:00Z,Flujo Alimentación Digestor 3,31.140499114990234,outlier
2024-12-23T04:58:00Z,Flujo Alimentación Digestor 3,34.85540008544922,outlier
2024-12-24T14:08:00Z,Flujo Alimentación Digestor 3,28.49920082092285,outlier
2024-12-28T17:42:00Z,Flujo Alimentación Digestor 3,23.81,outlier
2024-12-29T15:14:00Z,Flujo Alimentación Digestor 3,28.55,outlier
2025-01-03T12:37:00Z,Flujo Alimentación Digestor 3,24.54,outlier
2025-01-14T09:29:00Z,Flujo Alimentación Digestor 3,26.97,outlier
2025-01-17T02:50:00Z,Flujo Alimentación Digestor 3,25.63,outlier
2025-01-17T04:54:00Z,Flujo Alimentación Digestor 3,25.99,outlier
2025-01-16T23:22:00Z,Flujo Alimentación Digestor 3,40.6,outlier
2025-01-29T05:18:00Z,Flujo Alimentación Digestor 3,28.99,outlier
2025-01-29T14:12:00Z,Flujo Alimentación Digestor 3,21.12,outlier
2025-03-18T02:36:00Z,Flujo Salida de Lodo Sedimentador Secundario 3,211.4499969482422,outlier
2025-03-20T09:35:00Z,Flujo Salida de Lodo Sedimentador Secundario 3,205.6999969482422,outlier
2025-03-21T10:39:00Z,Flujo Salida de Lodo Sedimentador Secundario 3,184.1999969482422,outlier
2025-04-23T06:01:00Z,Flujo Salida de Lodo Sedimentador Secundario 3,226.6000061035156,outlier
2025-04-27T01:05:00Z,Flujo Salida de Lodo Sedimentador Secundario 3,254.1000061035156,outlier
2025-05-05T01:19:00Z,Flujo Salida de Lodo Sedimentador Secundario 3,237.8000030517578,outlier
2025-06-07T14:15:00Z,Flujo Salida de Lodo Sedimentador Secundario 3,203.75,outlier
2025-06-14T14:23:00Z,Flujo Salida de Lodo Sedimentador Secundario 3,189.1000061035156,outlier
2025-06-22T18:42:00Z,Flujo Salida de Lodo Sedimentador Secundario 3,202.6499938964844,outlier
2025-06-24T05:13:00Z,Flujo Salida de Lodo Sedimentador Secundario 3,212.25,outlier
2025-07-26T04:26:00Z,Flujo Salida de Lodo Sedimentador Secundario 3,212.25,outlier
2025-07-26T05:22:00Z,Flujo Salida de Lodo Sedimentador Secundario 3,209.6499938964844,outlier
2025-02-16T10:00:00Z,Flujo Salida de Lodo Sedimentador Secundario 3,12.65,outlier
2025-02-17T14:22:00Z,Flujo Salida de Lodo Sedimentador Secundario 3,65.45,outlier
2025-02-25T19:21:00Z,Flujo Salida de Lodo Sedimentador Secundario 3,58.925,outlier
2025-03-03T04:35:00Z,Flujo Salida de Lodo Sedimentador Secundario 3,47.35,outlier
2025-03-10T10:50:00Z,Flujo Salida de Lodo Sedimentador Secundario 3,34.3,outlier
2025-03-23T22:19:00Z,Flujo Salida de Lodo Sedimentador Secundario 3,89.05000305175781,outlier
2025-04-10T15:36:00Z,Flujo Salida de Lodo Sedimentador Secundario 3,66.75,outlier
2025-05-03T14:46:00Z,Flujo Salida de Lodo Sedimentador Secundario 3,38.54999923706055,outlier
2025-05-03T21:11:00Z,Flujo Salida de Lodo Sedimentador Secundario 3,39.54999923706055,outlier
2025-05-03T21:14:00Z,Flujo Salida de Lodo Sedimentador Secundario 3,0.25,outlier
2025-05-05T02:39:00Z,Flujo Salida de Lodo Sedimentador Secundario 3,41.54999923706055,outlier
2025-05-07T04:14:00Z,Flujo Salida de Lodo Sedimentador Secundario 3,0.6000000238418579,outlier
2025-05-07T04:15:00Z,Flujo Salida de Lodo Sedimentador Secundario 3,9.050000190734863,outlier
2025-05-07T04:16:00Z,Flujo Salida de Lodo Sedimentador Secundario 3,10.199999809265137,outlier
2025-05-07T04:17:00Z,Flujo Salida de Lodo Sedimentador Secundario 3,9.399999618530272,outlier
2025-05-08T21:10:00Z,Flujo Salida de Lodo Sedimentador Secundario 3,27.950000762939453,outlier
2025-05-19T18:53:00Z,Flujo Salida de Lodo Sedimentador Secundario 3,43.95000076293945,outlier
2025-05-21T12:53:00Z,Flujo Salida de Lodo Sedimentador Secundario 3,0.0,outlier
2025-05-22T12:54:00Z,Flujo Salida de Lodo Sedimentador Secundario 3,19.350000381469727,outlier
2025-05-30T09:00:00Z,Flujo Salida de Lodo Sedimentador Secundario 3,0.25,outlier
2025-05-30T09:01:00Z,Flujo Salida de Lodo Sedimentador Secundario 3,0.0,outlier
2025-05-30T09:03:00Z,Flujo Salida de Lodo Sedimentador Secundario 3,0.2249999940395355,outlier
2025-06-22T05:36:00Z,Flujo Salida de Lodo Sedimentador Secundario 3,65.75,outlier
2025-06-26T20:51:00Z,Flujo Salida de Lodo Sedimentador Secundario 3,33.849998474121094,outlier
2025-06-29T12:38:00Z,Flujo Salida de Lodo Sedimentador Secundario 3,58.45000076293945,outlier
2025-07-07T12:32:00Z,Flujo Salida de Lodo Sedimentador Secundario 3,84.3499984741211,outlier
2025-07-09T10:32:00Z,Flujo Salida de Lodo Sedimentador Secundario 3,118.6999969482422,outlier
2025-07-11T10:07:00Z,Flujo Salida de Lodo Sedimentador Secundario 3,116.4499969482422,outlier
2025-07-22T02:44:00Z,Flujo Salida de Lodo Sedimentador Secundario 3,82.4000015258789,outlier
2025-07-25T05:04:00Z,Flujo Salida de Lodo Sedimentador Secundario 3,58.59999847412109,outlier
2025-07-27T09:13:00Z,Flujo Salida de Lodo Sedimentador Secundario 3,78.1500015258789,outlier
2025-07-28T20:54:00Z,Flujo Salida de Lodo Sedimentador Secundario 3,87.25,outlier
2025-08-07T18:41:00Z,Flujo Salida de Lodo Sedimentador Secundario 3,78.30000305175781,outlier
2025-04-22T04:41:00Z,Flujo Salida de Lodo Sedimentador Secundario 3,14.949999809265137,outlier
2025-04-22T05:10:00Z,Flujo Salida de Lodo Sedimentador Secundario 3,62.20000076293945,outlier
2025-04-22T09:06:00Z,Flujo Salida de Lodo Sedimentador Secundario 3,54.84999847412109,outlier
2025-04-22T21:33:00Z,Flujo Salida de Lodo Sedimentador Secundario 3,0.0,outlier
2025-04-22T21:34:00Z,Flujo Salida de Lodo Sedimentador Secundario 3,0.0,outlier
2025-04-22T21:35:00Z,Flujo Salida de Lodo Sedimentador Secundario 3,0.0,outlier
2025-04-22T21:36:00Z,Flujo Salida de Lodo Sedimentador Secundario 3,0.25,outlier
2025-04-22T21:37:00Z,Flujo Salida de Lodo Sedimentador Secundario 3,0.0,outlier
2025-04-22T21:38:00Z,Flujo Salida de Lodo Sedimentador Secundario 3,0.25,outlier
2025-04-22T21:39:00Z,Flujo Salida de Lodo Sedimentador Secundario 3,0.449999988079071,outlier
2025-04-22T21:40:00Z,Flujo Salida de Lodo Sedimentador Secundario 3,0.449999988079071,outlier
2025-04-22T21:41:00Z,Flujo Salida de Lodo Sedimentador Secundario 3,0.0,outlier
2025-04-22T21:42:00Z,Flujo Salida de Lodo Sedimentador Secundario 3,0.0,outlier
2025-04-22T21:43:00Z,Flujo Salida de Lodo Sedimentador Secundario 3,0.25,outlier
2025-04-22T21:44:00Z,Flujo Salida de Lodo Sedimentador Secundario 3,0.449999988079071,outlier
2025-04-22T21:45:00Z,Flujo Salida de Lodo Sedimentador Secundario 3,0.449999988079071,outlier
2025-04-22T21:46:00Z,Flujo Salida de Lodo Sedimentador Secundario 3,0.1000000014901161,outlier
2025-04-22T21:47:00Z,Flujo Salida de Lodo Sedimentador Secundario 3,0.0,outlier
2025-04-22T21:48:00Z,Flujo Salida de Lodo Sedimentador Secundario 3,0.449999988079071,outlier
2025-04-22T21:49:00Z,Flujo Salida de Lodo Sedimentador Secundario 3,0.6000000238418579,outlier
2025-04-22T21:50:00Z,Flujo Salida de Lodo Sedimentador Secundario 3,0.449999988079071,outlier
2025-04-22T21:51:00Z,Flujo Salida de Lodo Sedimentador Secundario 3,0.25,outlier
2025-04-22T21:52:00Z,Flujo Salida de Lodo Sedimentador Secundario 3,0.0,outlier
2025-04-22T21:53:00Z,Flujo Salida de Lodo Sedimentador Secundario 3,0.449999988079071,outlier
2025-04-22T21:54:00Z,Flujo Salida de Lodo Sedimentador Secundario 3,0.25,outlier
2025-04-22T21:55:00Z,Flujo Salida de Lodo Sedimentador Secundario 3,0.1000000014901161,outlier
2025-04-22T22:00:00Z,Flujo Salida de Lodo Sedimentador Secundario 3,0.299999992052714,outlier
2025-04-22T22:01:00Z,Flujo Salida de Lodo Sedimentador Secundario 3,0.2249999940395355,outlier
2025-04-22T22:03:00Z,Flujo Salida de Lodo Sedimentador Secundario 3,0.25,outlier
2025-04-22T22:04:00Z,Flujo Salida de Lodo Sedimentador Secundario 3,0.1000000014901161,outlier
2025-04-22T22:05:00Z,Flujo Salida de Lodo Sedimentador Secundario 3,0.0,outlier
2025-04-22T22:06:00Z,Flujo Salida de Lodo Sedimentador Secundario 3,0.1000000014901161,outlier
2025-04-22T22:07:00Z,Flujo Salida de Lodo Sedimentador Secundario 3,0.449999988079071,outlier
2025-04-22T22:08:00Z,Flujo Salida de Lodo Sedimentador Secundario 3,0.175000000745058,outlier
2025-04-22T22:10:00Z,Flujo Salida de Lodo Sedimentador Secundario 3,0.25,outlier
2025-04-22T22:11:00Z,Flujo Salida de Lodo Sedimentador Secundario 3,0.25,outlier
2025-04-22T22:12:00Z,Flujo Salida de Lodo Sedimentador Secundario 3,0.0,outlier
2025-04-22T22:13:00Z,Flujo Salida de Lodo Sedimentador Secundario 3,0.25,outlier
2025-04-22T22:14:00Z,Flujo Salida de Lodo Sedimentador Secundario 3,0.0,outlier
2025-04-22T22:15:00Z,Flujo Salida de Lodo Sedimentador Secundario 3,0.449999988079071,outlier
2025-04-22T22:16:00Z,Flujo Salida de Lodo Sedimentador Secundario 3,0.25,outlier
2025-04-22T22:17:00Z,Flujo Salida de Lodo Sedimentador Secundario 3,0.0,outlier
2025-04-22T22:18:00Z,Flujo Salida de Lodo Sedimentador Secundario 3,0.1000000014901161,outlier
2025-04-22T22:19:00Z,Flujo Salida de Lodo Sedimentador Secundario 3,0.25,outlier
2025-04-22T22:20:00Z,Flujo Salida de Lodo Sedimentador Secundario 3,0.449999988079071,outlier
2025-04-22T22:21:00Z,Flujo Salida de Lodo Sedimentador Secundario 3,0.1000000014901161,outlier
2025-04-22T22:22:00Z,Flujo Salida de Lodo Sedimentador Secundario 3,0.25,outlier
2025-04-22T22:23:00Z,Flujo Salida de Lodo Sedimentador Secundario 3,0.1000000014901161,outlier
2025-04-22T22:24:00Z,Flujo Salida de Lodo Sedimentador Secundario 3,0.449999988079071,outlier
2025-04-22T22:25:00Z,Flujo Salida de Lodo Sedimentador Secundario 3,0.1000000014901161,outlier
2025-04-22T22:30:00Z,Flujo Salida de Lodo Sedimentador Secundario 3,0.125,outlier
2025-04-22T22:31:00Z,Flujo Salida de Lodo Sedimentador Secundario 3,0.175000000745058,outlier
2025-04-22T22:32:00Z,Flujo Salida de Lodo Sedimentador Secundario 3,0.175000000745058,outlier
2025-04-22T22:34:00Z,Flujo Salida de Lodo Sedimentador Secundario 3,0.1000000014901161,outlier
2025-04-22T22:35:00Z,Flujo Salida de Lodo Sedimentador Secundario 3,0.6000000238418579,outlier
2025-04-22T22:36:00Z,Flujo Salida de Lodo Sedimentador Secundario 3,0.0,outlier
2025-04-22T22:37:00Z,Flujo Salida de Lodo Sedimentador Secundario 3,0.0,outlier
2025-04-22T22:38:00Z,Flujo Salida de Lodo Sedimentador Secundario 3,0.3000000119209289,outlier
2025-04-22T22:39:00Z,Flujo Salida de Lodo Sedimentador Secundario 3,0.25,outlier
2025-04-22T22:40:00Z,Flujo Salida de Lodo Sedimentador Secundario 3,0.449999988079071,outlier
2025-04-22T22:41:00Z,Flujo Salida de Lodo Sedimentador Secundario 3,0.3499999940395355,outlier
2025-04-22T22:43:00Z,Flujo Salida de Lodo Sedimentador Secundario 3,0.0,outlier
2025-04-22T22:44:00Z,Flujo Salida de Lodo Sedimentador Secundario 3,0.1000000014901161,outlier
2025-04-22T22:45:00Z,Flujo Salida de Lodo Sedimentador Secundario 3,0.0,outlier
2025-04-22T22:46:00Z,Flujo Salida de Lodo Sedimentador Secundario 3,0.449999988079071,outlier
2025-04-22T22:47:00Z,Flujo Salida de Lodo Sedimentador Secundario 3,0.25,outlier
2025-04-22T22:48:00Z,Flujo Salida de Lodo Sedimentador Secundario 3,0.0,outlier
2025-04-22T22:49:00Z,Flujo Salida de Lodo Sedimentador Secundario 3,0.0,outlier
2025-04-22T22:50:00Z,Flujo Salida de Lodo Sedimentador Secundario 3,0.25,outlier
2025-04-22T22:51:00Z,Flujo Salida de Lodo Sedimentador Secundario 3,0.449999988079071,outlier
2025-04-22T22:52:00Z,Flujo Salida de Lodo Sedimentador Secundario 3,0.1000000014901161,outlier
2025-04-22T22:53:00Z,Flujo Salida de Lodo Sedimentador Secundario 3,0.175000000745058,outlier
2025-04-22T22:55:00Z,Flujo Salida de Lodo Sedimentador Secundario 3,0.1000000014901161,outlier
2025-04-22T23:01:00Z,Flujo Salida de Lodo Sedimentador Secundario 3,0.1000000014901161,outlier
2025-04-22T23:02:00Z,Flujo Salida de Lodo Sedimentador Secundario 3,0.25,outlier
2025-04-22T23:03:00Z,Flujo Salida de Lodo Sedimentador Secundario 3,0.25,outlier
2025-04-22T23:04:00Z,Flujo Salida de Lodo Sedimentador Secundario 3,0.25,outlier
2025-04-22T23:05:00Z,Flujo Salida de Lodo Sedimentador Secundario 3,0.25,outlier
2025-04-22T23:06:00Z,Flujo Salida de Lodo Sedimentador Secundario 3,0.1000000014901161,outlier
2025-04-22T23:07:00Z,Flujo Salida de Lodo Sedimentador Secundario 3,0.050000000745058,outlier
2025-04-22T23:09:00Z,Flujo Salida de Lodo Sedimentador Secundario 3,0.25,outlier
2025-04-22T23:10:00Z,Flujo Salida de Lodo Sedimentador Secundario 3,0.449999988079071,outlier
2025-04-22T23:11:00Z,Flujo Salida de Lodo Sedimentador Secundario 3,0.25,outlier
2025-04-22T23:12:00Z,Flujo Salida de Lodo Sedimentador Secundario 3,0.1000000014901161,outlier
2025-04-22T23:13:00Z,Flujo Salida de Lodo Sedimentador Secundario 3,0.1000000014901161,outlier
2025-04-22T23:14:00Z,Flujo Salida de Lodo Sedimentador Secundario 3,0.1000000014901161,outlier
2025-04-22T23:15:00Z,Flujo Salida de Lodo Sedimentador Secundario 3,0.1000000014901161,outlier
2025-04-22T23:16:00Z,Flujo Salida de Lodo Sedimentador Secundario 3,0.1000000014901161,outlier
2025-04-22T23:17:00Z,Flujo Salida de Lodo Sedimentador Secundario 3,0.0,outlier
2025-04-22T23:18:00Z,Flujo Salida de Lodo Sedimentador Secundario 3,0.1000000014901161,outlier
2025-04-22T23:19:00Z,Flujo Salida de Lodo Sedimentador Secundario 3,0.449999988079071,outlier
2025-04-22T23:20:00Z,Flujo Salida de Lodo Sedimentador Secundario 3,0.1000000014901161,outlier
2025-04-22T23:21:00Z,Flujo Salida de Lodo Sedimentador Secundario 3,0.0,outlier
2025-04-22T23:22:00Z,Flujo Salida de Lodo Sedimentador Secundario 3,0.449999988079071,outlier
2025-04-22T23:23:00Z,Flujo Salida de Lodo Sedimentador Secundario 3,0.1000000014901161,outlier
2025-04-22T23:24:00Z,Flujo Salida de Lodo Sedimentador Secundario 3,0.0,outlier
2025-04-22T23:25:00Z,Flujo Salida de Lodo Sedimentador Secundario 3,0.449999988079071,outlier
2025-04-22T23:30:00Z,Flujo Salida de Lodo Sedimentador Secundario 3,0.3499999940395355,outlier
2025-04-22T23:31:00Z,Flujo Salida de Lodo Sedimentador Secundario 3,0.2249999940395355,outlier
2025-04-22T23:32:00Z,Flujo Salida de Lodo Sedimentador Secundario 3,0.1000000014901161,outlier
2025-04-22T23:33:00Z,Flujo Salida de Lodo Sedimentador Secundario 3,0.1000000014901161,outlier
2025-04-22T23:34:00Z,Flujo Salida de Lodo Sedimentador Secundario 3,0.1000000014901161,outlier
2025-04-22T23:35:00Z,Flujo Salida de Lodo Sedimentador Secundario 3,0.449999988079071,outlier
2025-04-22T23:36:00Z,Flujo Salida de Lodo Sedimentador Secundario 3,0.3499999940395355,outlier
2025-04-22T23:38:00Z,Flujo Salida de Lodo Sedimentador Secundario 3,0.25,outlier
2025-04-22T23:39:00Z,Flujo Salida de Lodo Sedimentador Secundario 3,0.0,outlier
2025-04-22T23:40:00Z,Flujo Salida de Lodo Sedimentador Secundario 3,0.25,outlier
2025-04-22T23:41:00Z,Flujo Salida de Lodo Sedimentador Secundario 3,0.449999988079071,outlier
2025-04-22T23:42:00Z,Flujo Salida de Lodo Sedimentador Secundario 3,0.1000000014901161,outlier
2025-04-22T23:43:00Z,Flujo Salida de Lodo Sedimentador Secundario 3,0.449999988079071,outlier
2025-04-22T23:44:00Z,Flujo Salida de Lodo Sedimentador Secundario 3,0.449999988079071,outlier
2025-04-22T23:45:00Z,Flujo Salida de Lodo Sedimentador Secundario 3,0.449999988079071,outlier
2025-04-22T23:46:00Z,Flujo Salida de Lodo Sedimentador Secundario 3,0.1000000014901161,outlier
2025-04-22T23:47:00Z,Flujo Salida de Lodo Sedimentador Secundario 3,0.1000000014901161,outlier
2025-04-22T23:48:00Z,Flujo Salida de Lodo Sedimentador Secundario 3,0.25,outlier
2025-04-22T23:49:00Z,Flujo Salida de Lodo Sedimentador Secundario 3,0.1000000014901161,outlier
2025-04-22T23:50:00Z,Flujo Salida de Lodo Sedimentador Secundario 3,0.1000000014901161,outlier
2025-04-22T23:51:00Z,Flujo Salida de Lodo Sedimentador Secundario 3,0.449999988079071,outlier
2025-04-22T23:52:00Z,Flujo Salida de Lodo Sedimentador Secundario 3,0.1000000014901161,outlier
2025-04-22T23:53:00Z,Flujo Salida de Lodo Sedimentador Secundario 3,0.0,outlier
2025-04-22T23:54:00Z,Flujo Salida de Lodo Sedimentador Secundario 3,0.6000000238418579,outlier
2025-04-22T23:55:00Z,Flujo Salida de Lodo Sedimentador Secundario 3,0.1000000014901161,outlier
2025-04-23T00:01:00Z,Flujo Salida de Lodo Sedimentador Secundario 3,0.25,outlier
2025-04-23T00:03:00Z,Flujo Salida de Lodo Sedimentador Secundario 3,0.25,outlier
2025-04-23T00:04:00Z,Flujo Salida de Lodo Sedimentador Secundario 3,0.25,outlier
2025-04-23T00:05:00Z,Flujo Salida de Lodo Sedimentador Secundario 3,0.1000000014901161,outlier
2025-04-23T00:06:00Z,Flujo Salida de Lodo Sedimentador Secundario 3,0.449999988079071,outlier
2025-04-23T00:07:00Z,Flujo Salida de Lodo Sedimentador Secundario 3,0.25,outlier
2025-04-23T00:08:00Z,Flujo Salida de Lodo Sedimentador Secundario 3,0.449999988079071,outlier
2025-04-23T00:09:00Z,Flujo Salida de Lodo Sedimentador Secundario 3,0.449999988079071,outlier
2025-04-23T00:10:00Z,Flujo Salida de Lodo Sedimentador Secundario 3,0.25,outlier
2025-04-23T00:11:00Z,Flujo Salida de Lodo Sedimentador Secundario 3,0.1000000014901161,outlier
2025-04-23T00:12:00Z,Flujo Salida de Lodo Sedimentador Secundario 3,0.1000000014901161,outlier
2025-04-23T00:13:00Z,Flujo Salida de Lodo Sedimentador Secundario 3,0.25,outlier
2025-04-23T00:14:00Z,Flujo Salida de Lodo Sedimentador Secundario 3,0.449999988079071,outlier
2025-04-23T00:15:00Z,Flujo Salida de Lodo Sedimentador Secundario 3,0.0,outlier
2025-04-23T00:16:00Z,Flujo Salida de Lodo Sedimentador Secundario 3,0.25,outlier
2025-04-23T00:17:00Z,Flujo Salida de Lodo Sedimentador Secundario 3,0.1000000014901161,outlier
2025-04-23T00:18:00Z,Flujo Salida de Lodo Sedimentador Secundario 3,0.25,outlier
2025-04-23T00:19:00Z,Flujo Salida de Lodo Sedimentador Secundario 3,0.449999988079071,outlier
2025-04-23T00:20:00Z,Flujo Salida de Lodo Sedimentador Secundario 3,0.1000000014901161,outlier
2025-04-23T00:21:00Z,Flujo Salida de Lodo Sedimentador Secundario 3,0.449999988079071,outlier
2025-04-23T00:22:00Z,Flujo Salida de Lodo Sedimentador Secundario 3,0.449999988079071,outlier
2025-04-23T00:23:00Z,Flujo Salida de Lodo Sedimentador Secundario 3,0.25,outlier
2025-04-23T00:24:00Z,Flujo Salida de Lodo Sedimentador Secundario 3,0.0,outlier
2025-04-23T00:30:00Z,Flujo Salida de Lodo Sedimentador Secundario 3,0.2249999940395355,outlier
2025-04-23T00:31:00Z,Flujo Salida de Lodo Sedimentador Secundario 3,0.0,outlier
2025-04-23T00:32:00Z,Flujo Salida de Lodo Sedimentador Secundario 3,0.25,outlier
2025-04-23T00:33:00Z,Flujo Salida de Lodo Sedimentador Secundario 3,0.175000000745058,outlier
2025-04-23T00:35:00Z,Flujo Salida de Lodo Sedimentador Secundario 3,0.0,outlier
2025-04-23T00:36:00Z,Flujo Salida de Lodo Sedimentador Secundario 3,0.25,outlier
2025-04-23T00:37:00Z,Flujo Salida de Lodo Sedimentador Secundario 3,0.449999988079071,outlier
2025-04-23T00:38:00Z,Flujo Salida de Lodo Sedimentador Secundario 3,0.0,outlier
2025-04-23T00:39:00Z,Flujo Salida de Lodo Sedimentador Secundario 3,0.1000000014901161,outlier
2025-04-23T00:40:00Z,Flujo Salida de Lodo Sedimentador Secundario 3,0.25,outlier
2025-04-23T00:41:00Z,Flujo Salida de Lodo Sedimentador Secundario 3,0.449999988079071,outlier
2025-04-23T00:42:00Z,Flujo Salida de Lodo Sedimentador Secundario 3,0.25,outlier
2025-04-23T00:43:00Z,Flujo Salida de Lodo Sedimentador Secundario 3,0.0,outlier
2025-04-23T00:44:00Z,Flujo Salida de Lodo Sedimentador Secundario 3,0.1000000014901161,outlier
2025-04-23T00:45:00Z,Flujo Salida de Lodo Sedimentador Secundario 3,0.1000000014901161,outlier
2025-04-23T00:46:00Z,Flujo Salida de Lodo Sedimentador Secundario 3,0.0,outlier
2025-04-23T00:47:00Z,Flujo Salida de Lodo Sedimentador Secundario 3,0.449999988079071,outlier
2025-04-23T00:48:00Z,Flujo Salida de Lodo Sedimentador Secundario 3,0.0,outlier
2025-04-23T00:49:00Z,Flujo Salida de Lodo Sedimentador Secundario 3,0.25,outlier
2025-04-23T00:50:00Z,Flujo Salida de Lodo Sedimentador Secundario 3,0.25,outlier
2025-04-23T00:51:00Z,Flujo Salida de Lodo Sedimentador Secundario 3,0.1000000014901161,outlier
2025-04-23T00:52:00Z,Flujo Salida de Lodo Sedimentador Secundario 3,0.0,outlier
2025-04-23T00:53:00Z,Flujo Salida de Lodo Sedimentador Secundario 3,0.1000000014901161,outlier
2025-04-23T00:54:00Z,Flujo Salida de Lodo Sedimentador Secundario 3,0.6000000238418579,outlier
2025-04-23T01:05:00Z,Flujo Salida de Lodo Sedimentador Secundario 3,0.449999988079071,outlier
2025-04-23T01:06:00Z,Flujo Salida de Lodo Sedimentador Secundario 3,0.1000000014901161,outlier
2025-04-23T01:07:00Z,Flujo Salida de Lodo Sedimentador Secundario 3,0.1000000014901161,outlier
2025-04-23T01:08:00Z,Flujo Salida de Lodo Sedimentador Secundario 3,0.0,outlier
2025-04-23T01:09:00Z,Flujo Salida de Lodo Sedimentador Secundario 3,0.25,outlier
2025-04-23T01:10:00Z,Flujo Salida de Lodo Sedimentador Secundario 3,0.25,outlier
2025-04-23T01:11:00Z,Flujo Salida de Lodo Sedimentador Secundario 3,0.0,outlier
2025-04-23T01:12:00Z,Flujo Salida de Lodo Sedimentador Secundario 3,0.449999988079071,outlier
2025-04-23T01:13:00Z,Flujo Salida de Lodo Sedimentador Secundario 3,0.25,outlier
2025-04-23T01:14:00Z,Flujo Salida de Lodo Sedimentador Secundario 3,0.25,outlier
2025-04-23T01:15:00Z,Flujo Salida de Lodo Sedimentador Secundario 3,0.1000000014901161,outlier
2025-04-23T01:16:00Z,Flujo Salida de Lodo Sedimentador Secundario 3,0.6000000238418579,outlier
2025-04-23T01:17:00Z,Flujo Salida de Lodo Sedimentador Secundario 3,0.25,outlier
2025-04-23T01:18:00Z,Flujo Salida de Lodo Sedimentador Secundario 3,0.25,outlier
2025-04-23T01:19:00Z,Flujo Salida de Lodo Sedimentador Secundario 3,0.25,outlier
2025-04-23T01:20:00Z,Flujo Salida de Lodo Sedimentador Secundario 3,0.1000000014901161,outlier
2025-04-23T01:21:00Z,Flujo Salida de Lodo Sedimentador Secundario 3,0.449999988079071,outlier
2025-04-23T01:22:00Z,Flujo Salida de Lodo Sedimentador Secundario 3,0.1000000014901161,outlier
2025-04-23T01:23:00Z,Flujo Salida de Lodo Sedimentador Secundario 3,0.449999988079071,outlier
2025-04-23T01:24:00Z,Flujo Salida de Lodo Sedimentador Secundario 3,0.25,outlier
2025-04-23T01:30:00Z,Flujo Salida de Lodo Sedimentador Secundario 3,0.0750000029802322,outlier
2025-04-23T01:31:00Z,Flujo Salida de Lodo Sedimentador Secundario 3,0.25,outlier
2025-04-23T01:32:00Z,Flujo Salida de Lodo Sedimentador Secundario 3,0.1000000014901161,outlier
2025-04-23T01:33:00Z,Flujo Salida de Lodo Sedimentador Secundario 3,0.25,outlier
2025-04-23T01:35:00Z,Flujo Salida de Lodo Sedimentador Secundario 3,0.449999988079071,outlier
2025-04-23T01:36:00Z,Flujo Salida de Lodo Sedimentador Secundario 3,0.25,outlier
2025-04-23T01:37:00Z,Flujo Salida de Lodo Sedimentador Secundario 3,0.1000000014901161,outlier
2025-04-23T01:38:00Z,Flujo Salida de Lodo Sedimentador Secundario 3,0.25,outlier
2025-04-23T01:39:00Z,Flujo Salida de Lodo Sedimentador Secundario 3,0.0,outlier
2025-04-23T01:40:00Z,Flujo Salida de Lodo Sedimentador Secundario 3,0.1000000014901161,outlier
2025-04-23T01:41:00Z,Flujo Salida de Lodo Sedimentador Secundario 3,0.25,outlier
2025-04-23T01:42:00Z,Flujo Salida de Lodo Sedimentador Secundario 3,0.25,outlier
2025-04-23T01:44:00Z,Flujo Salida de Lodo Sedimentador Secundario 3,0.1000000014901161,outlier
2025-04-23T01:45:00Z,Flujo Salida de Lodo Sedimentador Secundario 3,0.0,outlier
2025-04-23T01:46:00Z,Flujo Salida de Lodo Sedimentador Secundario 3,0.449999988079071,outlier
2025-04-23T01:47:00Z,Flujo Salida de Lodo Sedimentador Secundario 3,0.1000000014901161,outlier
2025-04-23T01:48:00Z,Flujo Salida de Lodo Sedimentador Secundario 3,0.1000000014901161,outlier
2025-04-23T01:49:00Z,Flujo Salida de Lodo Sedimentador Secundario 3,0.25,outlier
2025-04-23T01:50:00Z,Flujo Salida de Lodo Sedimentador Secundario 3,0.1000000014901161,outlier
2025-04-23T01:51:00Z,Flujo Salida de Lodo Sedimentador Secundario 3,0.449999988079071,outlier
2025-04-23T01:52:00Z,Flujo Salida de Lodo Sedimentador Secundario 3,0.25,outlier
2025-04-23T01:53:00Z,Flujo Salida de Lodo Sedimentador Secundario 3,0.25,outlier
2025-04-23T01:54:00Z,Flujo Salida de Lodo Sedimentador Secundario 3,0.25,outlier
2025-04-23T02:05:00Z,Flujo Salida de Lodo Sedimentador Secundario 3,0.1000000014901161,outlier
2025-04-23T02:06:00Z,Flujo Salida de Lodo Sedimentador Secundario 3,0.449999988079071,outlier
2025-04-23T02:07:00Z,Flujo Salida de Lodo Sedimentador Secundario 3,0.1000000014901161,outlier
2025-04-23T02:08:00Z,Flujo Salida de Lodo Sedimentador Secundario 3,0.449999988079071,outlier
2025-04-23T02:09:00Z,Flujo Salida de Lodo Sedimentador Secundario 3,0.25,outlier
2025-04-23T02:10:00Z,Flujo Salida de Lodo Sedimentador Secundario 3,72.0999984741211,outlier
2025-04-23T05:37:00Z,Flujo Salida de Lodo Sedimentador Secundario 3,0.0,outlier
2025-04-23T05:38:00Z,Flujo Salida de Lodo Sedimentador Secundario 3,0.449999988079071,outlier
2025-04-23T05:39:00Z,Flujo Salida de Lodo Sedimentador Secundario 3,0.0,outlier
2025-04-23T05:40:00Z,Flujo Salida de Lodo Sedimentador Secundario 3,0.1000000014901161,outlier
2025-04-23T05:41:00Z,Flujo Salida de Lodo Sedimentador Secundario 3,0.25,outlier
2025-04-23T05:42:00Z,Flujo Salida de Lodo Sedimentador Secundario 3,0.1000000014901161,outlier
2025-04-23T05:43:00Z,Flujo Salida de Lodo Sedimentador Secundario 3,0.1000000014901161,outlier
2025-04-23T05:44:00Z,Flujo Salida de Lodo Sedimentador Secundario 3,0.25,outlier
2025-04-23T05:45:00Z,Flujo Salida de Lodo Sedimentador Secundario 3,0.1000000014901161,outlier
2025-04-23T05:46:00Z,Flujo Salida de Lodo Sedimentador Secundario 3,0.0,outlier
2025-04-23T07:14:00Z,Flujo Salida de Lodo Sedimentador Secundario 3,0.25,outlier
2025-04-23T07:15:00Z,Flujo Salida de Lodo Sedimentador Secundario 3,12.149999618530272,outlier
2025-04-23T07:16:00Z,Flujo Salida de Lodo Sedimentador Secundario 3,9.399999618530272,outlier
2025-04-23T07:17:00Z,Flujo Salida de Lodo Sedimentador Secundario 3,0.25,outlier
2025-04-23T07:18:00Z,Flujo Salida de Lodo Sedimentador Secundario 3,8.100000381469727,outlier
2025-04-23T07:19:00Z,Flujo Salida de Lodo Sedimentador Secundario 3,0.25,outlier
2025-04-23T07:21:00Z,Flujo Salida de Lodo Sedimentador Secundario 3,0.449999988079071,outlier
2025-04-23T07:22:00Z,Flujo Salida de Lodo Sedimentador Secundario 3,0.449999988079071,outlier
2025-04-23T07:23:00Z,Flujo Salida de Lodo Sedimentador Secundario 3,0.449999988079071,outlier
2025-04-23T07:24:00Z,Flujo Salida de Lodo Sedimentador Secundario 3,0.25,outlier
2025-04-23T07:30:00Z,Flujo Salida de Lodo Sedimentador Secundario 3,0.116666667163372,outlier
2025-04-23T07:31:00Z,Flujo Salida de Lodo Sedimentador Secundario 3,0.266666663189729,outlier
2025-04-23T07:32:00Z,Flujo Salida de Lodo Sedimentador Secundario 3,0.25,outlier
2025-04-23T07:33:00Z,Flujo Salida de Lodo Sedimentador Secundario 3,0.1000000014901161,outlier
2025-04-23T07:34:00Z,Flujo Salida de Lodo Sedimentador Secundario 3,0.449999988079071,outlier
2025-04-23T07:35:00Z,Flujo Salida de Lodo Sedimentador Secundario 3,0.1000000014901161,outlier
2025-04-23T07:36:00Z,Flujo Salida de Lodo Sedimentador Secundario 3,0.25,outlier
2025-04-23T07:37:00Z,Flujo Salida de Lodo Sedimentador Secundario 3,0.0,outlier
2025-04-23T07:38:00Z,Flujo Salida de Lodo Sedimentador Secundario 3,0.1000000014901161,outlier
2025-04-23T07:39:00Z,Flujo Salida de Lodo Sedimentador Secundario 3,0.1000000014901161,outlier
2025-04-23T07:40:00Z,Flujo Salida de Lodo Sedimentador Secundario 3,0.449999988079071,outlier
2025-04-23T07:41:00Z,Flujo Salida de Lodo Sedimentador Secundario 3,0.0,outlier
2025-04-23T07:42:00Z,Flujo Salida de Lodo Sedimentador Secundario 3,0.0,outlier
2025-04-23T07:43:00Z,Flujo Salida de Lodo Sedimentador Secundario 3,0.1000000014901161,outlier
2025-04-23T07:44:00Z,Flujo Salida de Lodo Sedimentador Secundario 3,0.449999988079071,outlier
2025-04-23T07:45:00Z,Flujo Salida de Lodo Sedimentador Secundario 3,0.25,outlier
2025-04-23T07:46:00Z,Flujo Salida de Lodo Sedimentador Secundario 3,0.25,outlier
2025-04-23T07:47:00Z,Flujo Salida de Lodo Sedimentador Secundario 3,0.449999988079071,outlier
2025-04-23T07:48:00Z,Flujo Salida de Lodo Sedimentador Secundario 3,0.1000000014901161,outlier
2025-04-23T07:49:00Z,Flujo Salida de Lodo Sedimentador Secundario 3,0.25,outlier
2025-04-23T07:50:00Z,Flujo Salida de Lodo Sedimentador Secundario 3,0.0,outlier
2025-04-23T07:51:00Z,Flujo Salida de Lodo Sedimentador Secundario 3,0.449999988079071,outlier
2025-04-23T07:52:00Z,Flujo Salida de Lodo Sedimentador Secundario 3,0.449999988079071,outlier
2025-04-23T07:53:00Z,Flujo Salida de Lodo Sedimentador Secundario 3,0.25,outlier
2025-04-23T07:54:00Z,Flujo Salida de Lodo Sedimentador Secundario 3,0.1000000014901161,outlier
2025-04-23T08:01:00Z,Flujo Salida de Lodo Sedimentador Secundario 3,0.25,outlier
2025-04-23T08:02:00Z,Flujo Salida de Lodo Sedimentador Secundario 3,0.050000000745058,outlier
2025-04-23T08:03:00Z,Flujo Salida de Lodo Sedimentador Secundario 3,0.1000000014901161,outlier
2025-04-23T08:04:00Z,Flujo Salida de Lodo Sedimentador Secundario 3,0.449999988079071,outlier
2025-04-23T08:05:00Z,Flujo Salida de Lodo Sedimentador Secundario 3,0.25,outlier
2025-04-23T08:06:00Z,Flujo Salida de Lodo Sedimentador Secundario 3,0.449999988079071,outlier
2025-04-23T08:07:00Z,Flujo Salida de Lodo Sedimentador Secundario 3,0.25,outlier
2025-04-23T08:08:00Z,Flujo Salida de Lodo Sedimentador Secundario 3,0.0,outlier
2025-04-23T08:09:00Z,Flujo Salida de Lodo Sedimentador Secundario 3,0.449999988079071,outlier
2025-04-23T08:10:00Z,Flujo Salida de Lodo Sedimentador Secundario 3,0.25,outlier
2025-04-23T08:11:00Z,Flujo Salida de Lodo Sedimentador Secundario 3,0.449999988079071,outlier
2025-04-23T08:12:00Z,Flujo Salida de Lodo Sedimentador Secundario 3,0.1000000014901161,outlier
2025-04-23T08:13:00Z,Flujo Salida de Lodo Sedimentador Secundario 3,0.25,outlier
2025-04-23T08:14:00Z,Flujo Salida de Lodo Sedimentador Secundario 3,0.0,outlier
2025-04-23T08:15:00Z,Flujo Salida de Lodo Sedimentador Secundario 3,0.25,outlier
2025-04-23T08:16:00Z,Flujo Salida de Lodo Sedimentador Secundario 3,0.25,outlier
2025-04-23T08:17:00Z,Flujo Salida de Lodo Sedimentador Secundario 3,0.25,outlier
2025-04-23T08:18:00Z,Flujo Salida de Lodo Sedimentador Secundario 3,0.0,outlier
2025-04-23T08:19:00Z,Flujo Salida de Lodo Sedimentador Secundario 3,0.1000000014901161,outlier
2025-04-23T08:20:00Z,Flujo Salida de Lodo Sedimentador Secundario 3,0.1000000014901161,outlier
2025-04-23T08:21:00Z,Flujo Salida de Lodo Sedimentador Secundario 3,0.449999988079071,outlier
2025-04-23T08:22:00Z,Flujo Salida de Lodo Sedimentador Secundario 3,0.1000000014901161,outlier
2025-04-23T08:23:00Z,Flujo Salida de Lodo Sedimentador Secundario 3,0.1000000014901161,outlier
2025-04-23T08:24:00Z,Flujo Salida de Lodo Sedimentador Secundario 3,0.1000000014901161,outlier
2025-04-23T08:29:00Z,Flujo Salida de Lodo Sedimentador Secundario 3,0.25,outlier
2025-04-23T08:30:00Z,Flujo Salida de Lodo Sedimentador Secundario 3,0.449999988079071,outlier
2025-04-23T08:31:00Z,Flujo Salida de Lodo Sedimentador Secundario 3,0.3499999940395355,outlier
2025-04-23T08:32:00Z,Flujo Salida de Lodo Sedimentador Secundario 3,0.25,outlier
2025-04-23T08:33:00Z,Flujo Salida de Lodo Sedimentador Secundario 3,0.25,outlier
2025-04-23T08:34:00Z,Flujo Salida de Lodo Sedimentador Secundario 3,0.1000000014901161,outlier
2025-04-23T08:35:00Z,Flujo Salida de Lodo Sedimentador Secundario 3,0.25,outlier
2025-04-23T08:36:00Z,Flujo Salida de Lodo Sedimentador Secundario 3,0.0,outlier
2025-04-23T08:37:00Z,Flujo Salida de Lodo Sedimentador Secundario 3,0.1000000014901161,outlier
2025-04-23T08:38:00Z,Flujo Salida de Lodo Sedimentador Secundario 3,0.0,outlier
2025-04-23T08:39:00Z,Flujo Salida de Lodo Sedimentador Secundario 3,0.25,outlier
2025-04-23T08:40:00Z,Flujo Salida de Lodo Sedimentador Secundario 3,0.1000000014901161,outlier
2025-04-23T08:41:00Z,Flujo Salida de Lodo Sedimentador Secundario 3,0.449999988079071,outlier
2025-04-23T08:42:00Z,Flujo Salida de Lodo Sedimentador Secundario 3,0.25,outlier
2025-04-23T08:43:00Z,Flujo Salida de Lodo Sedimentador Secundario 3,0.0,outlier
2025-04-23T08:44:00Z,Flujo Salida de Lodo Sedimentador Secundario 3,0.25,outlier
2025-04-23T08:45:00Z,Flujo Salida de Lodo Sedimentador Secundario 3,0.1000000014901161,outlier
2025-04-23T08:46:00Z,Flujo Salida de Lodo Sedimentador Secundario 3,0.1000000014901161,outlier
2025-04-23T08:47:00Z,Flujo Salida de Lodo Sedimentador Secundario 3,0.25,outlier
2025-04-23T08:48:00Z,Flujo Salida de Lodo Sedimentador Secundario 3,0.0,outlier
2025-04-23T08:49:00Z,Flujo Salida de Lodo Sedimentador Secundario 3,0.0,outlier
2025-04-23T08:50:00Z,Flujo Salida de Lodo Sedimentador Secundario 3,0.0,outlier
2025-04-23T08:51:00Z,Flujo Salida de Lodo Sedimentador Secundario 3,0.25,outlier
2025-04-23T08:52:00Z,Flujo Salida de Lodo Sedimentador Secundario 3,0.25,outlier
2025-04-23T08:53:00Z,Flujo Salida de Lodo Sedimentador Secundario 3,0.0,outlier
2025-04-23T08:54:00Z,Flujo Salida de Lodo Sedimentador Secundario 3,0.0,outlier
2025-04-23T09:00:00Z,Flujo Salida de Lodo Sedimentador Secundario 3,0.2749999947845936,outlier
2025-04-23T09:01:00Z,Flujo Salida de Lodo Sedimentador Secundario 3,0.25,outlier
2025-04-23T09:03:00Z,Flujo Salida de Lodo Sedimentador Secundario 3,0.1000000014901161,outlier
2025-04-23T09:05:00Z,Flujo Salida de Lodo Sedimentador Secundario 3,0.1000000014901161,outlier
2025-04-23T09:06:00Z,Flujo Salida de Lodo Sedimentador Secundario 3,0.1000000014901161,outlier
2025-04-23T09:07:00Z,Flujo Salida de Lodo Sedimentador Secundario 3,0.1000000014901161,outlier
2025-04-23T09:08:00Z,Flujo Salida de Lodo Sedimentador Secundario 3,0.25,outlier
2025-04-23T09:09:00Z,Flujo Salida de Lodo Sedimentador Secundario 3,0.1000000014901161,outlier
2025-04-23T09:10:00Z,Flujo Salida de Lodo Sedimentador Secundario 3,0.25,outlier
2025-04-23T09:11:00Z,Flujo Salida de Lodo Sedimentador Secundario 3,0.1000000014901161,outlier
2025-04-23T09:13:00Z,Flujo Salida de Lodo Sedimentador Secundario 3,0.1000000014901161,outlier
2025-04-23T09:14:00Z,Flujo Salida de Lodo Sedimentador Secundario 3,0.25,outlier
2025-04-23T09:15:00Z,Flujo Salida de Lodo Sedimentador Secundario 3,0.25,outlier
2025-04-23T09:16:00Z,Flujo Salida de Lodo Sedimentador Secundario 3,0.25,outlier
2025-04-23T09:17:00Z,Flujo Salida de Lodo Sedimentador Secundario 3,0.1000000014901161,outlier
2025-04-23T09:18:00Z,Flujo Salida de Lodo Sedimentador Secundario 3,0.0,outlier
2025-04-23T09:19:00Z,Flujo Salida de Lodo Sedimentador Secundario 3,0.1000000014901161,outlier
2025-04-23T09:20:00Z,Flujo Salida de Lodo Sedimentador Secundario 3,0.25,outlier
2025-04-23T09:21:00Z,Flujo Salida de Lodo Sedimentador Secundario 3,0.25,outlier
2025-04-23T09:22:00Z,Flujo Salida de Lodo Sedimentador Secundario 3,0.1000000014901161,outlier
2025-04-23T09:23:00Z,Flujo Salida de Lodo Sedimentador Secundario 3,0.25,outlier
2025-04-23T09:24:00Z,Flujo Salida de Lodo Sedimentador Secundario 3,0.0,outlier
2025-04-23T09:30:00Z,Flujo Salida de Lodo Sedimentador Secundario 3,0.266666663189729,outlier
2025-04-23T09:31:00Z,Flujo Salida de Lodo Sedimentador Secundario 3,0.449999988079071,outlier
2025-04-23T09:32:00Z,Flujo Salida de Lodo Sedimentador Secundario 3,0.1000000014901161,outlier
2025-04-23T09:33:00Z,Flujo Salida de Lodo Sedimentador Secundario 3,0.25,outlier
2025-04-23T09:34:00Z,Flujo Salida de Lodo Sedimentador Secundario 3,0.25,outlier
2025-04-23T09:35:00Z,Flujo Salida de Lodo Sedimentador Secundario 3,0.1000000014901161,outlier
2025-04-23T09:36:00Z,Flujo Salida de Lodo Sedimentador Secundario 3,0.25,outlier
2025-04-23T09:37:00Z,Flujo Salida de Lodo Sedimentador Secundario 3,0.25,outlier
2025-04-23T09:39:00Z,Flujo Salida de Lodo Sedimentador Secundario 3,0.1000000014901161,outlier
2025-04-23T09:40:00Z,Flujo Salida de Lodo Sedimentador Secundario 3,0.25,outlier
2025-04-23T09:41:00Z,Flujo Salida de Lodo Sedimentador Secundario 3,0.25,outlier
2025-04-23T09:42:00Z,Flujo Salida de Lodo Sedimentador Secundario 3,0.449999988079071,outlier
2025-04-23T09:43:00Z,Flujo Salida de Lodo Sedimentador Secundario 3,0.25,outlier
2025-04-23T09:44:00Z,Flujo Salida de Lodo Sedimentador Secundario 3,0.25,outlier
2025-04-23T09:45:00Z,Flujo Salida de Lodo Sedimentador Secundario 3,0.449999988079071,outlier
2025-04-23T09:47:00Z,Flujo Salida de Lodo Sedimentador Secundario 3,0.25,outlier
2025-04-23T09:48:00Z,Flujo Salida de Lodo Sedimentador Secundario 3,0.1000000014901161,outlier
2025-04-23T09:50:00Z,Flujo Salida de Lodo Sedimentador Secundario 3,0.1000000014901161,outlier
2025-04-23T09:51:00Z,Flujo Salida de Lodo Sedimentador Secundario 3,0.3499999940395355,outlier
2025-04-23T09:52:00Z,Flujo Salida de Lodo Sedimentador Secundario 3,0.449999988079071,outlier
2025-04-23T09:53:00Z,Flujo Salida de Lodo Sedimentador Secundario 3,0.0,outlier
2025-04-23T09:54:00Z,Flujo Salida de Lodo Sedimentador Secundario 3,0.0,outlier
2025-04-23T09:59:00Z,Flujo Salida de Lodo Sedimentador Secundario 3,0.25,outlier
2025-04-23T10:00:00Z,Flujo Salida de Lodo Sedimentador Secundario 3,0.1000000014901161,outlier
2025-04-23T10:01:00Z,Flujo Salida de Lodo Sedimentador Secundario 3,0.1000000014901161,outlier
2025-04-23T10:02:00Z,Flujo Salida de Lodo Sedimentador Secundario 3,0.1000000014901161,outlier
2025-04-23T10:04:00Z,Flujo Salida de Lodo Sedimentador Secundario 3,0.175000000745058,outlier
2025-04-23T10:05:00Z,Flujo Salida de Lodo Sedimentador Secundario 3,0.0,outlier
2025-04-23T12:33:00Z,Flujo Salida de Lodo Sedimentador Secundario 3,0.449999988079071,outlier
2025-04-23T12:34:00Z,Flujo Salida de Lodo Sedimentador Secundario 3,0.0,outlier
2025-04-23T12:35:00Z,Flujo Salida de Lodo Sedimentador Secundario 3,0.1000000014901161,outlier
2025-04-23T12:36:00Z,Flujo Salida de Lodo Sedimentador Secundario 3,0.449999988079071,outlier
2025-04-23T12:37:00Z,Flujo Salida de Lodo Sedimentador Secundario 3,0.25,outlier
2025-04-23T12:38:00Z,Flujo Salida de Lodo Sedimentador Secundario 3,0.25,outlier
2025-04-23T12:39:00Z,Flujo Salida de Lodo Sedimentador Secundario 3,0.0,outlier
2025-04-23T12:40:00Z,Flujo Salida de Lodo Sedimentador Secundario 3,0.1000000014901161,outlier
2025-04-23T12:41:00Z,Flujo Salida de Lodo Sedimentador Secundario 3,0.0,outlier
2025-04-23T12:42:00Z,Flujo Salida de Lodo Sedimentador Secundario 3,0.25,outlier
2025-04-23T12:43:00Z,Flujo Salida de Lodo Sedimentador Secundario 3,0.449999988079071,outlier
2025-04-23T12:44:00Z,Flujo Salida de Lodo Sedimentador Secundario 3,0.0,outlier
2025-04-23T12:45:00Z,Flujo Salida de Lodo Sedimentador Secundario 3,0.0,outlier
2025-04-23T12:46:00Z,Flujo Salida de Lodo Sedimentador Secundario 3,0.0,outlier
2025-04-23T12:47:00Z,Flujo Salida de Lodo Sedimentador Secundario 3,0.449999988079071,outlier
2025-04-23T13:24:00Z,Flujo Salida de Lodo Sedimentador Secundario 3,40.20000076293945,outlier
2025-04-23T16:30:00Z,Flujo Salida de Lodo Sedimentador Secundario 3,0.350000012665987,outlier
2025-04-23T16:31:00Z,Flujo Salida de Lodo Sedimentador Secundario 3,0.449999988079071,outlier
2025-04-23T16:32:00Z,Flujo Salida de Lodo Sedimentador Secundario 3,0.25,outlier
2025-04-23T16:33:00Z,Flujo Salida de Lodo Sedimentador Secundario 3,0.25,outlier
2025-04-23T16:37:00Z,Flujo Salida de Lodo Sedimentador Secundario 3,67.4000015258789,outlier
2025-04-24T21:19:00Z,Flujo Salida de Lodo Sedimentador Secundario 3,54.70000076293945,outlier
2025-04-25T20:08:00Z,Flujo Salida de Lodo Sedimentador Secundario 3,0.25,outlier
2025-04-25T20:09:00Z,Flujo Salida de Lodo Sedimentador Secundario 3,70.5,outlier
2025-04-27T01:03:00Z,Flujo Salida de Lodo Sedimentador Secundario 3,17.200000762939453,outlier
2025-04-27T01:47:00Z,Flujo Salida de Lodo Sedimentador Secundario 3,61.70000076293945,outlier
2025-04-27T08:41:00Z,Flujo Salida de Lodo Sedimentador Secundario 3,59.54999923706055,outlier
2025-04-27T14:08:00Z,Flujo Salida de Lodo Sedimentador Secundario 3,39.34999847412109,outlier
2025-04-28T15:19:00Z,Flujo Salida de Lodo Sedimentador Secundario 3,66.4000015258789,outlier
2025-04-28T15:20:00Z,Flujo Salida de Lodo Sedimentador Secundario 3,0.1000000014901161,outlier
2025-04-28T15:21:00Z,Flujo Salida de Lodo Sedimentador Secundario 3,13.0,outlier
2025-04-28T15:22:00Z,Flujo Salida de Lodo Sedimentador Secundario 3,11.850000381469728,outlier
2025-04-28T15:23:00Z,Flujo Salida de Lodo Sedimentador Secundario 3,10.550000190734863,outlier
2025-04-28T15:24:00Z,Flujo Salida de Lodo Sedimentador Secundario 3,10.350000381469728,outlier
2025-04-28T15:30:00Z,Flujo Salida de Lodo Sedimentador Secundario 3,0.2249999940395355,outlier
2025-04-28T15:31:00Z,Flujo Salida de Lodo Sedimentador Secundario 3,0.3499999940395355,outlier
2025-04-28T15:32:00Z,Flujo Salida de Lodo Sedimentador Secundario 3,0.1000000014901161,outlier
2025-04-28T15:33:00Z,Flujo Salida de Lodo Sedimentador Secundario 3,0.1000000014901161,outlier
2025-04-28T15:34:00Z,Flujo Salida de Lodo Sedimentador Secundario 3,0.0,outlier
2025-04-28T15:35:00Z,Flujo Salida de Lodo Sedimentador Secundario 3,0.0,outlier
2025-04-28T15:36:00Z,Flujo Salida de Lodo Sedimentador Secundario 3,0.25,outlier
2025-04-28T15:37:00Z,Flujo Salida de Lodo Sedimentador Secundario 3,8.399999618530273,outlier
2025-04-28T15:38:00Z,Flujo Salida de Lodo Sedimentador Secundario 3,8.899999618530273,outlier
2025-04-28T15:39:00Z,Flujo Salida de Lodo Sedimentador Secundario 3,8.25,outlier
2025-04-28T15:40:00Z,Flujo Salida de Lodo Sedimentador Secundario 3,8.899999618530273,outlier
2025-04-28T15:41:00Z,Flujo Salida de Lodo Sedimentador Secundario 3,9.25,outlier
2025-04-28T15:42:00Z,Flujo Salida de Lodo Sedimentador Secundario 3,9.050000190734863,outlier
2025-04-28T15:43:00Z,Flujo Salida de Lodo Sedimentador Secundario 3,9.399999618530272,outlier
2025-04-28T15:44:00Z,Flujo Salida de Lodo Sedimentador Secundario 3,10.350000381469728,outlier
2025-04-28T15:45:00Z,Flujo Salida de Lodo Sedimentador Secundario 3,10.350000381469728,outlier
2025-04-28T15:46:00Z,Flujo Salida de Lodo Sedimentador Secundario 3,10.199999809265137,outlier
2025-04-28T15:47:00Z,Flujo Salida de Lodo Sedimentador Secundario 3,10.699999809265137,outlier
2025-04-28T15:48:00Z,Flujo Salida de Lodo Sedimentador Secundario 3,10.199999809265137,outlier
2025-04-28T15:49:00Z,Flujo Salida de Lodo Sedimentador Secundario 3,10.525000095367432,outlier
2025-04-28T15:51:00Z,Flujo Salida de Lodo Sedimentador Secundario 3,10.75,outlier
2025-04-28T15:52:00Z,Flujo Salida de Lodo Sedimentador Secundario 3,11.350000381469728,outlier
2025-04-28T15:53:00Z,Flujo Salida de Lodo Sedimentador Secundario 3,11.0,outlier
2025-04-28T15:54:00Z,Flujo Salida de Lodo Sedimentador Secundario 3,11.350000381469728,outlier
2025-04-28T16:00:00Z,Flujo Salida de Lodo Sedimentador Secundario 3,10.850000381469728,outlier
2025-04-28T16:01:00Z,Flujo Salida de Lodo Sedimentador Secundario 3,11.016666730244957,outlier
2025-04-28T16:02:00Z,Flujo Salida de Lodo Sedimentador Secundario 3,11.099999904632568,outlier
2025-04-28T16:03:00Z,Flujo Salida de Lodo Sedimentador Secundario 3,10.699999809265137,outlier
2025-04-28T16:04:00Z,Flujo Salida de Lodo Sedimentador Secundario 3,10.850000381469728,outlier
2025-04-28T16:05:00Z,Flujo Salida de Lodo Sedimentador Secundario 3,10.699999809265137,outlier
2025-04-28T16:06:00Z,Flujo Salida de Lodo Sedimentador Secundario 3,10.699999809265137,outlier
2025-04-28T16:07:00Z,Flujo Salida de Lodo Sedimentador Secundario 3,10.699999809265137,outlier
2025-04-28T16:08:00Z,Flujo Salida de Lodo Sedimentador Secundario 3,10.350000381469728,outlier
2025-04-28T16:09:00Z,Flujo Salida de Lodo Sedimentador Secundario 3,10.350000381469728,outlier
2025-04-28T16:10:00Z,Flujo Salida de Lodo Sedimentador Secundario 3,9.25,outlier
2025-04-28T16:11:00Z,Flujo Salida de Lodo Sedimentador Secundario 3,37.29999923706055,outlier
2025-04-28T16:12:00Z,Flujo Salida de Lodo Sedimentador Secundario 3,60.900001525878906,outlier
2025-04-28T17:38:00Z,Flujo Salida de Lodo Sedimentador Secundario 3,0.449999988079071,outlier
2025-04-28T17:39:00Z,Flujo Salida de Lodo Sedimentador Secundario 3,0.25,outlier
2025-04-28T17:40:00Z,Flujo Salida de Lodo Sedimentador Secundario 3,0.0,outlier
2025-04-28T17:41:00Z,Flujo Salida de Lodo Sedimentador Secundario 3,0.1000000014901161,outlier
2025-04-28T17:42:00Z,Flujo Salida de Lodo Sedimentador Secundario 3,0.1000000014901161,outlier
2025-04-28T17:43:00Z,Flujo Salida de Lodo Sedimentador Secundario 3,0.0,outlier
2025-04-28T17:44:00Z,Flujo Salida de Lodo Sedimentador Secundario 3,0.25,outlier
2025-04-28T17:45:00Z,Flujo Salida de Lodo Sedimentador Secundario 3,0.0,outlier
2025-04-28T17:46:00Z,Flujo Salida de Lodo Sedimentador Secundario 3,0.449999988079071,outlier
2025-04-28T17:47:00Z,Flujo Salida de Lodo Sedimentador Secundario 3,0.449999988079071,outlier
2025-04-28T17:48:00Z,Flujo Salida de Lodo Sedimentador Secundario 3,0.1000000014901161,outlier
2025-04-28T17:49:00Z,Flujo Salida de Lodo Sedimentador Secundario 3,0.449999988079071,outlier
2025-04-28T17:50:00Z,Flujo Salida de Lodo Sedimentador Secundario 3,0.1000000014901161,outlier
2025-04-28T17:51:00Z,Flujo Salida de Lodo Sedimentador Secundario 3,0.25,outlier
2025-04-28T17:52:00Z,Flujo Salida de Lodo Sedimentador Secundario 3,0.25,outlier
2025-04-28T17:53:00Z,Flujo Salida de Lodo Sedimentador Secundario 3,0.0,outlier
2025-04-28T17:54:00Z,Flujo Salida de Lodo Sedimentador Secundario 3,0.449999988079071,outlier
2025-04-28T18:00:00Z,Flujo Salida de Lodo Sedimentador Secundario 3,0.449999988079071,outlier
2025-04-28T18:01:00Z,Flujo Salida de Lodo Sedimentador Secundario 3,0.25,outlier
2025-04-28T18:02:00Z,Flujo Salida de Lodo Sedimentador Secundario 3,0.6000000238418579,outlier
2025-04-28T18:03:00Z,Flujo Salida de Lodo Sedimentador Secundario 3,0.1000000014901161,outlier
2025-04-28T18:04:00Z,Flujo Salida de Lodo Sedimentador Secundario 3,0.0,outlier
2025-04-28T18:05:00Z,Flujo Salida de Lodo Sedimentador Secundario 3,0.1000000014901161,outlier
2025-04-28T18:06:00Z,Flujo Salida de Lodo Sedimentador Secundario 3,0.1000000014901161,outlier
2025-04-28T18:07:00Z,Flujo Salida de Lodo Sedimentador Secundario 3,0.1000000014901161,outlier
2025-04-28T18:08:00Z,Flujo Salida de Lodo Sedimentador Secundario 3,0.25,outlier
2025-04-28T18:10:00Z,Flujo Salida de Lodo Sedimentador Secundario 3,0.25,outlier
2025-04-28T18:11:00Z,Flujo Salida de Lodo Sedimentador Secundario 3,0.449999988079071,outlier
2025-04-28T18:12:00Z,Flujo Salida de Lodo Sedimentador Secundario 3,0.0,outlier
2025-04-28T18:13:00Z,Flujo Salida de Lodo Sedimentador Secundario 3,0.449999988079071,outlier
2025-04-28T18:14:00Z,Flujo Salida de Lodo Sedimentador Secundario 3,0.0,outlier
2025-04-28T18:15:00Z,Flujo Salida de Lodo Sedimentador Secundario 3,0.1000000014901161,outlier
2025-04-28T18:16:00Z,Flujo Salida de Lodo Sedimentador Secundario 3,0.1000000014901161,outlier
2025-04-28T18:17:00Z,Flujo Salida de Lodo Sedimentador Secundario 3,0.0,outlier
2025-04-28T18:18:00Z,Flujo Salida de Lodo Sedimentador Secundario 3,0.1000000014901161,outlier
2025-04-28T18:19:00Z,Flujo Salida de Lodo Sedimentador Secundario 3,0.0,outlier
2025-04-28T18:20:00Z,Flujo Salida de Lodo Sedimentador Secundario 3,0.1000000014901161,outlier
2025-04-28T18:21:00Z,Flujo Salida de Lodo Sedimentador Secundario 3,0.449999988079071,outlier
2025-04-28T18:22:00Z,Flujo Salida de Lodo Sedimentador Secundario 3,0.1000000014901161,outlier
2025-04-28T18:23:00Z,Flujo Salida de Lodo Sedimentador Secundario 3,0.0,outlier
2025-04-28T18:24:00Z,Flujo Salida de Lodo Sedimentador Secundario 3,0.0,outlier
2025-04-28T18:30:00Z,Flujo Salida de Lodo Sedimentador Secundario 3,0.1000000014901161,outlier
2025-04-28T18:31:00Z,Flujo Salida de Lodo Sedimentador Secundario 3,0.299999992052714,outlier
2025-04-28T18:32:00Z,Flujo Salida de Lodo Sedimentador Secundario 3,0.1000000014901161,outlier
2025-04-28T18:33:00Z,Flujo Salida de Lodo Sedimentador Secundario 3,7.75,outlier
2025-04-28T18:34:00Z,Flujo Salida de Lodo Sedimentador Secundario 3,8.100000381469727,outlier
2025-04-28T18:35:00Z,Flujo Salida de Lodo Sedimentador Secundario 3,8.100000381469727,outlier
2025-04-28T18:36:00Z,Flujo Salida de Lodo Sedimentador Secundario 3,8.75,outlier
2025-04-28T18:37:00Z,Flujo Salida de Lodo Sedimentador Secundario 3,8.25,outlier
2025-04-28T18:38:00Z,Flujo Salida de Lodo Sedimentador Secundario 3,8.25,outlier
2025-04-28T18:39:00Z,Flujo Salida de Lodo Sedimentador Secundario 3,8.399999618530273,outlier
2025-04-28T18:40:00Z,Flujo Salida de Lodo Sedimentador Secundario 3,8.399999618530273,outlier
2025-04-28T18:41:00Z,Flujo Salida de Lodo Sedimentador Secundario 3,7.599999904632568,outlier
2025-04-28T18:42:00Z,Flujo Salida de Lodo Sedimentador Secundario 3,7.599999904632568,outlier
2025-04-28T18:43:00Z,Flujo Salida de Lodo Sedimentador Secundario 3,8.25,outlier
2025-04-28T18:44:00Z,Flujo Salida de Lodo Sedimentador Secundario 3,8.100000381469727,outlier
2025-04-28T18:45:00Z,Flujo Salida de Lodo Sedimentador Secundario 3,8.75,outlier
2025-04-28T18:46:00Z,Flujo Salida de Lodo Sedimentador Secundario 3,8.100000381469727,outlier
2025-04-28T18:47:00Z,Flujo Salida de Lodo Sedimentador Secundario 3,8.100000381469727,outlier
2025-04-28T18:48:00Z,Flujo Salida de Lodo Sedimentador Secundario 3,8.100000381469727,outlier
2025-04-28T18:49:00Z,Flujo Salida de Lodo Sedimentador Secundario 3,8.899999618530273,outlier
2025-04-28T18:50:00Z,Flujo Salida de Lodo Sedimentador Secundario 3,8.399999618530273,outlier
2025-04-28T18:51:00Z,Flujo Salida de Lodo Sedimentador Secundario 3,8.600000381469727,outlier
2025-04-28T18:52:00Z,Flujo Salida de Lodo Sedimentador Secundario 3,8.899999618530273,outlier
2025-04-28T18:53:00Z,Flujo Salida de Lodo Sedimentador Secundario 3,8.75,outlier
2025-04-28T18:54:00Z,Flujo Salida de Lodo Sedimentador Secundario 3,8.899999618530273,outlier
2025-04-28T19:02:00Z,Flujo Salida de Lodo Sedimentador Secundario 3,8.350000381469727,outlier
2025-04-28T19:03:00Z,Flujo Salida de Lodo Sedimentador Secundario 3,8.5,outlier
2025-04-28T19:04:00Z,Flujo Salida de Lodo Sedimentador Secundario 3,8.399999618530273,outlier
2025-04-28T19:05:00Z,Flujo Salida de Lodo Sedimentador Secundario 3,8.399999618530273,outlier
2025-04-28T19:06:00Z,Flujo Salida de Lodo Sedimentador Secundario 3,8.600000381469727,outlier
2025-04-28T19:07:00Z,Flujo Salida de Lodo Sedimentador Secundario 3,8.899999618530273,outlier
2025-04-28T19:08:00Z,Flujo Salida de Lodo Sedimentador Secundario 3,8.399999618530273,outlier
2025-04-28T19:09:00Z,Flujo Salida de Lodo Sedimentador Secundario 3,8.600000381469727,outlier
2025-04-28T19:10:00Z,Flujo Salida de Lodo Sedimentador Secundario 3,8.399999618530273,outlier
2025-04-28T19:11:00Z,Flujo Salida de Lodo Sedimentador Secundario 3,8.75,outlier
2025-04-28T19:12:00Z,Flujo Salida de Lodo Sedimentador Secundario 3,9.399999618530272,outlier
2025-04-28T19:13:00Z,Flujo Salida de Lodo Sedimentador Secundario 3,8.75,outlier
2025-04-28T19:14:00Z,Flujo Salida de Lodo Sedimentador Secundario 3,9.399999618530272,outlier
2025-04-28T19:15:00Z,Flujo Salida de Lodo Sedimentador Secundario 3,9.050000190734863,outlier
2025-04-28T19:16:00Z,Flujo Salida de Lodo Sedimentador Secundario 3,9.699999809265137,outlier
2025-04-28T19:17:00Z,Flujo Salida de Lodo Sedimentador Secundario 3,10.050000190734863,outlier
2025-04-28T19:18:00Z,Flujo Salida de Lodo Sedimentador Secundario 3,10.350000381469728,outlier
2025-04-28T19:19:00Z,Flujo Salida de Lodo Sedimentador Secundario 3,9.550000190734863,outlier
2025-04-28T19:20:00Z,Flujo Salida de Lodo Sedimentador Secundario 3,9.899999618530272,outlier
2025-04-28T19:21:00Z,Flujo Salida de Lodo Sedimentador Secundario 3,10.050000190734863,outlier
2025-04-28T19:22:00Z,Flujo Salida de Lodo Sedimentador Secundario 3,10.199999809265137,outlier
2025-04-28T19:23:00Z,Flujo Salida de Lodo Sedimentador Secundario 3,9.899999618530272,outlier
2025-04-28T19:24:00Z,Flujo Salida de Lodo Sedimentador Secundario 3,9.899999618530272,outlier
2025-04-28T19:30:00Z,Flujo Salida de Lodo Sedimentador Secundario 3,9.899999618530272,outlier
2025-04-28T19:31:00Z,Flujo Salida de Lodo Sedimentador Secundario 3,40.01666673024496,outlier
2025-04-28T19:51:00Z,Flujo Salida de Lodo Sedimentador Secundario 3,0.25,outlier
2025-04-28T19:52:00Z,Flujo Salida de Lodo Sedimentador Secundario 3,0.25,outlier
2025-04-28T19:53:00Z,Flujo Salida de Lodo Sedimentador Secundario 3,8.75,outlier
2025-04-28T19:54:00Z,Flujo Salida de Lodo Sedimentador Secundario 3,8.899999618530273,outlier
2025-04-28T20:01:00Z,Flujo Salida de Lodo Sedimentador Secundario 3,0.25,outlier
2025-04-28T20:02:00Z,Flujo Salida de Lodo Sedimentador Secundario 3,0.0,outlier
2025-04-28T20:03:00Z,Flujo Salida de Lodo Sedimentador Secundario 3,0.1000000014901161,outlier
2025-04-28T20:04:00Z,Flujo Salida de Lodo Sedimentador Secundario 3,0.449999988079071,outlier
2025-04-28T20:05:00Z,Flujo Salida de Lodo Sedimentador Secundario 3,0.0,outlier
2025-04-28T20:06:00Z,Flujo Salida de Lodo Sedimentador Secundario 3,0.0,outlier
2025-04-28T20:07:00Z,Flujo Salida de Lodo Sedimentador Secundario 3,0.25,outlier
2025-04-28T20:08:00Z,Flujo Salida de Lodo Sedimentador Secundario 3,0.0,outlier
2025-04-28T20:09:00Z,Flujo Salida de Lodo Sedimentador Secundario 3,0.25,outlier
2025-04-28T20:10:00Z,Flujo Salida de Lodo Sedimentador Secundario 3,0.1000000014901161,outlier
2025-04-28T20:11:00Z,Flujo Salida de Lodo Sedimentador Secundario 3,0.1000000014901161,outlier
2025-04-28T20:12:00Z,Flujo Salida de Lodo Sedimentador Secundario 3,0.6000000238418579,outlier
2025-04-28T20:13:00Z,Flujo Salida de Lodo Sedimentador Secundario 3,0.25,outlier
2025-04-28T20:14:00Z,Flujo Salida de Lodo Sedimentador Secundario 3,0.25,outlier
2025-04-28T20:15:00Z,Flujo Salida de Lodo Sedimentador Secundario 3,0.1000000014901161,outlier
2025-04-28T20:16:00Z,Flujo Salida de Lodo Sedimentador Secundario 3,0.6000000238418579,outlier
2025-04-28T20:17:00Z,Flujo Salida de Lodo Sedimentador Secundario 3,0.0,outlier
2025-04-28T20:18:00Z,Flujo Salida de Lodo Sedimentador Secundario 3,0.25,outlier
2025-04-28T20:19:00Z,Flujo Salida de Lodo Sedimentador Secundario 3,0.25,outlier
2025-04-28T20:20:00Z,Flujo Salida de Lodo Sedimentador Secundario 3,0.0,outlier
2025-04-28T20:21:00Z,Flujo Salida de Lodo Sedimentador Secundario 3,0.449999988079071,outlier
2025-04-28T20:22:00Z,Flujo Salida de Lodo Sedimentador Secundario 3,0.1000000014901161,outlier
2025-04-28T20:23:00Z,Flujo Salida de Lodo Sedimentador Secundario 3,0.0,outlier
2025-04-28T20:24:00Z,Flujo Salida de Lodo Sedimentador Secundario 3,0.0,outlier
2025-04-28T20:31:00Z,Flujo Salida de Lodo Sedimentador Secundario 3,0.0,outlier
2025-04-28T20:32:00Z,Flujo Salida de Lodo Sedimentador Secundario 3,0.25,outlier
2025-04-28T20:33:00Z,Flujo Salida de Lodo Sedimentador Secundario 3,0.0,outlier
2025-04-28T20:34:00Z,Flujo Salida de Lodo Sedimentador Secundario 3,0.449999988079071,outlier
2025-04-28T20:35:00Z,Flujo Salida de Lodo Sedimentador Secundario 3,0.25,outlier
2025-04-28T20:36:00Z,Flujo Salida de Lodo Sedimentador Secundario 3,0.1000000014901161,outlier
2025-04-28T20:38:00Z,Flujo Salida de Lodo Sedimentador Secundario 3,0.449999988079071,outlier
2025-04-28T20:39:00Z,Flujo Salida de Lodo Sedimentador Secundario 3,0.0,outlier
2025-04-28T20:40:00Z,Flujo Salida de Lodo Sedimentador Secundario 3,0.25,outlier
2025-04-28T20:41:00Z,Flujo Salida de Lodo Sedimentador Secundario 3,0.449999988079071,outlier
2025-04-28T20:42:00Z,Flujo Salida de Lodo Sedimentador Secundario 3,0.449999988079071,outlier
2025-04-28T20:43:00Z,Flujo Salida de Lodo Sedimentador Secundario 3,0.6000000238418579,outlier
2025-04-28T20:44:00Z,Flujo Salida de Lodo Sedimentador Secundario 3,0.449999988079071,outlier
2025-04-28T20:45:00Z,Flujo Salida de Lodo Sedimentador Secundario 3,0.449999988079071,outlier
2025-04-28T20:46:00Z,Flujo Salida de Lodo Sedimentador Secundario 3,0.449999988079071,outlier
2025-04-28T20:47:00Z,Flujo Salida de Lodo Sedimentador Secundario 3,7.449999809265137,outlier
2025-04-28T20:48:00Z,Flujo Salida de Lodo Sedimentador Secundario 3,8.100000381469727,outlier
2025-04-28T20:49:00Z,Flujo Salida de Lodo Sedimentador Secundario 3,7.599999904632568,outlier
2025-04-28T20:50:00Z,Flujo Salida de Lodo Sedimentador Secundario 3,7.449999809265137,outlier
2025-04-28T20:51:00Z,Flujo Salida de Lodo Sedimentador Secundario 3,7.75,outlier
2025-04-28T20:52:00Z,Flujo Salida de Lodo Sedimentador Secundario 3,0.1000000014901161,outlier
2025-04-28T20:53:00Z,Flujo Salida de Lodo Sedimentador Secundario 3,0.1000000014901161,outlier
2025-04-28T20:54:00Z,Flujo Salida de Lodo Sedimentador Secundario 3,0.6000000238418579,outlier
2025-04-28T21:00:00Z,Flujo Salida de Lodo Sedimentador Secundario 3,8.100000381469727,outlier
2025-04-28T21:01:00Z,Flujo Salida de Lodo Sedimentador Secundario 3,8.21666685740153,outlier
2025-04-28T21:02:00Z,Flujo Salida de Lodo Sedimentador Secundario 3,8.25,outlier
2025-04-28T21:03:00Z,Flujo Salida de Lodo Sedimentador Secundario 3,0.1000000014901161,outlier
2025-04-28T21:04:00Z,Flujo Salida de Lodo Sedimentador Secundario 3,0.0,outlier
2025-04-28T21:05:00Z,Flujo Salida de Lodo Sedimentador Secundario 3,7.599999904632568,outlier
2025-04-28T21:06:00Z,Flujo Salida de Lodo Sedimentador Secundario 3,7.599999904632568,outlier
2025-04-28T21:07:00Z,Flujo Salida de Lodo Sedimentador Secundario 3,8.100000381469727,outlier
2025-04-28T21:08:00Z,Flujo Salida de Lodo Sedimentador Secundario 3,0.25,outlier
2025-04-28T21:09:00Z,Flujo Salida de Lodo Sedimentador Secundario 3,7.449999809265137,outlier
2025-04-28T21:10:00Z,Flujo Salida de Lodo Sedimentador Secundario 3,0.1000000014901161,outlier
2025-04-28T21:11:00Z,Flujo Salida de Lodo Sedimentador Secundario 3,0.6000000238418579,outlier
2025-04-28T21:12:00Z,Flujo Salida de Lodo Sedimentador Secundario 3,0.6000000238418579,outlier
2025-04-28T21:13:00Z,Flujo Salida de Lodo Sedimentador Secundario 3,0.449999988079071,outlier
2025-04-28T21:14:00Z,Flujo Salida de Lodo Sedimentador Secundario 3,0.25,outlier
2025-04-28T21:15:00Z,Flujo Salida de Lodo Sedimentador Secundario 3,0.449999988079071,outlier
2025-04-28T21:16:00Z,Flujo Salida de Lodo Sedimentador Secundario 3,0.25,outlier
2025-03-07T20:49:00Z,Flujo Aire Reactor 2,897.0,outlier
2025-03-15T13:55:00Z,Flujo Aire Reactor 2,564.0,outlier
2025-04-24T21:15:00Z,Flujo Aire Reactor 2,497.0,outlier
2025-05-06T15:16:00Z,Flujo Aire Reactor 2,429.0,outlier
2025-05-06T15:17:00Z,Flujo Aire Reactor 2,474.0,outlier
2025-05-06T15:18:00Z,Flujo Aire Reactor 2,442.0,outlier
2025-05-06T15:19:00Z,Flujo Aire Reactor 2,528.0,outlier
2025-05-06T15:20:00Z,Flujo Aire Reactor 2,493.0,outlier
2025-05-06T15:21:00Z,Flujo Aire Reactor 2,542.0,outlier
2025-05-02T18:52:00Z,Nivel Pozo WAS,4.813799858093262,outlier
2025-05-02T18:53:00Z,Nivel Pozo WAS,4.829400062561035,outlier
2025-05-02T18:54:00Z,Nivel Pozo WAS,4.426799774169922,outlier
2025-05-14T16:36:00Z,Flujo Cámara de contacto 2,4997.0,outlier
2025-05-14T16:41:00Z,Flujo Cámara de contacto 2,4049.000244140625,outlier
2025-05-05T15:38:00Z,Flujo Cámara de contacto 2,153.0,outlier
2025-05-05T15:39:00Z,Flujo Cámara de contacto 2,88.0,outlier
2025-05-05T15:40:00Z,Flujo Cámara de contacto 2,48.00000381469727,outlier
2025-05-05T15:41:00Z,Flujo Cámara de contacto 2,27.0,outlier
2025-05-05T15:42:00Z,Flujo Cámara de contacto 2,15.5,outlier
2025-05-05T15:43:00Z,Flujo Cámara de contacto 2,3.499999761581421,outlier
2025-05-05T15:44:00Z,Flujo Cámara de contacto 2,-0.5,outlier
2025-05-05T15:45:00Z,Flujo Cámara de contacto 2,0.5,outlier
2025-05-14T15:12:00Z,Flujo Cámara de contacto 2,53.0,outlier
2025-05-14T15:13:00Z,Flujo Cámara de contacto 2,27.5,outlier
2025-05-14T15:14:00Z,Flujo Cámara de contacto 2,9.5,outlier
2025-05-14T15:17:00Z,Flujo Cámara de contacto 2,-1.5000001192092896,outlier
2025-05-14T15:18:00Z,Flujo Cámara de contacto 2,-1.5000001192092896,outlier
2025-05-14T15:19:00Z,Flujo Cámara de contacto 2,-1.5000001192092896,outlier
2025-05-14T15:22:00Z,Flujo Cámara de contacto 2,1.5000001192092896,outlier
2025-05-14T15:23:00Z,Flujo Cámara de contacto 2,0.5,outlier
2025-05-14T15:24:00Z,Flujo Cámara de contacto 2,-2.5,outlier
2025-05-14T15:25:00Z,Flujo Cámara de contacto 2,-1.5000001192092896,outlier
2025-05-14T15:32:00Z,Flujo Cámara de contacto 2,-2.0000000397364297,outlier
2025-05-14T15:33:00Z,Flujo Cámara de contacto 2,-1.0,outlier
2025-05-14T15:34:00Z,Flujo Cámara de contacto 2,-1.5000001192092896,outlier
2025-05-14T15:35:00Z,Flujo Cámara de contacto 2,1.5000001192092896,outlier
2025-05-14T15:36:00Z,Flujo Cámara de contacto 2,0.0,outlier
2025-05-14T15:37:00Z,Flujo Cámara de contacto 2,1.0,outlier
2025-05-14T15:38:00Z,Flujo Cámara de contacto 2,-1.0,outlier
2025-05-14T15:39:00Z,Flujo Cámara de contacto 2,0.5,outlier
2025-05-14T15:40:00Z,Flujo Cámara de contacto 2,-1.5000001192092896,outlier
2025-05-14T15:41:00Z,Flujo Cámara de contacto 2,-1.5000001192092896,outlier
2025-05-14T15:42:00Z,Flujo Cámara de contacto 2,-0.5,outlier
2025-05-14T15:43:00Z,Flujo Cámara de contacto 2,0.0,outlier
2025-05-14T15:44:00Z,Flujo Cámara de contacto 2,-1.5000001192092896,outlier
2025-05-14T15:45:00Z,Flujo Cámara de contacto 2,0.0,outlier
2025-05-14T15:46:00Z,Flujo Cámara de contacto 2,-2.0,outlier
2025-05-14T15:47:00Z,Flujo Cámara de contacto 2,2.0,outlier
2025-05-14T15:48:00Z,Flujo Cámara de contacto 2,-1.0,outlier
2025-05-14T15:49:00Z,Flujo Cámara de contacto 2,1.0,outlier
2025-05-14T15:50:00Z,Flujo Cámara de contacto 2,-0.5,outlier
2025-05-14T15:51:00Z,Flujo Cámara de contacto 2,-1.0,outlier
2025-05-14T15:52:00Z,Flujo Cámara de contacto 2,-0.5,outlier
2025-05-14T15:53:00Z,Flujo Cámara de contacto 2,0.0,outlier
2025-05-14T15:54:00Z,Flujo Cámara de contacto 2,1.0,outlier
2025-05-14T15:55:00Z,Flujo Cámara de contacto 2,-2.5,outlier
2025-05-14T16:03:00Z,Flujo Cámara de contacto 2,1.0,outlier
2025-05-14T16:04:00Z,Flujo Cámara de contacto 2,-2.25,outlier
2025-05-14T16:05:00Z,Flujo Cámara de contacto 2,1.5000001192092896,outlier
2025-05-14T16:06:00Z,Flujo Cámara de contacto 2,0.5,outlier
2025-05-14T16:07:00Z,Flujo Cámara de contacto 2,0.0,outlier
2025-05-14T16:08:00Z,Flujo Cámara de contacto 2,0.0,outlier
2025-05-14T16:09:00Z,Flujo Cámara de contacto 2,0.5,outlier
2025-05-14T16:10:00Z,Flujo Cámara de contacto 2,0.5,outlier
2025-05-14T16:11:00Z,Flujo Cámara de contacto 2,-2.5,outlier
2025-05-14T16:12:00Z,Flujo Cámara de contacto 2,-2.5,outlier
2025-05-14T16:13:00Z,Flujo Cámara de contacto 2,-1.0,outlier
2025-05-14T16:14:00Z,Flujo Cámara de contacto 2,0.5,outlier
2025-05-14T16:15:00Z,Flujo Cámara de contacto 2,-2.5,outlier
2025-05-14T16:16:00Z,Flujo Cámara de contacto 2,-3.499999761581421,outlier
2025-05-14T16:17:00Z,Flujo Cámara de contacto 2,-2.5,outlier
2025-05-14T16:18:00Z,Flujo Cámara de contacto 2,-1.5000001192092896,outlier
2025-05-14T16:19:00Z,Flujo Cámara de contacto 2,1.0,outlier
2025-05-14T16:20:00Z,Flujo Cámara de contacto 2,-2.5,outlier
2025-05-14T16:21:00Z,Flujo Cámara de contacto 2,1.5000001192092896,outlier
2025-05-14T16:22:00Z,Flujo Cámara de contacto 2,-2.0,outlier
2025-05-14T16:23:00Z,Flujo Cámara de contacto 2,0.0,outlier
2025-05-14T16:24:00Z,Flujo Cámara de contacto 2,-1.0,outlier
2025-05-14T16:25:00Z,Flujo Cámara de contacto 2,4.0,outlier
2025-05-14T16:34:00Z,Flujo Cámara de contacto 2,-1.75,outlier
2025-05-14T16:35:00Z,Flujo Cámara de contacto 2,-2.5,outlier
2025-05-14T16:37:00Z,Flujo Cámara de contacto 2,-0.5,outlier
2025-05-14T16:38:00Z,Flujo Cámara de contacto 2,1.5000001192092896,outlier
2025-05-14T16:39:00Z,Flujo Cámara de contacto 2,-1.0,outlier
2025-05-14T16:44:00Z,Flujo Cámara de contacto 2,-1.5000001192092896,outlier
2025-05-14T16:45:00Z,Flujo Cámara de contacto 2,-1.0,outlier
2025-05-14T16:46:00Z,Flujo Cámara de contacto 2,2.0,outlier
2025-05-14T16:47:00Z,Flujo Cámara de contacto 2,-0.5,outlier
2025-05-14T16:48:00Z,Flujo Cámara de contacto 2,-0.5,outlier
2025-05-14T16:49:00Z,Flujo Cámara de contacto 2,1.5000001192092896,outlier
2025-05-14T16:50:00Z,Flujo Cámara de contacto 2,1.5000001192092896,outlier
2025-05-14T16:51:00Z,Flujo Cámara de contacto 2,0.0,outlier
2025-05-14T16:52:00Z,Flujo Cámara de contacto 2,0.0,outlier
2025-05-14T16:53:00Z,Flujo Cámara de contacto 2,1.0,outlier
2025-05-14T16:54:00Z,Flujo Cámara de contacto 2,-1.5000001192092896,outlier
2025-05-14T16:55:00Z,Flujo Cámara de contacto 2,1.0,outlier
2025-05-14T17:02:00Z,Flujo Cámara de contacto 2,-0.5,outlier
2025-05-14T17:03:00Z,Flujo Cámara de contacto 2,1.0,outlier
2025-05-14T17:04:00Z,Flujo Cámara de contacto 2,-1.5000001192092896,outlier
2025-02-17T22:56:00Z,Flujo Alimentación Digestor 3,21.12,outlier
2025-02-18T03:28:00Z,Flujo Alimentación Digestor 3,19.39,outlier
2025-02-28T04:19:00Z,Flujo Alimentación Digestor 3,18.84,outlier
2025-02-28T18:43:00Z,Flujo Alimentación Digestor 3,22.105,outlier
2025-03-03T15:46:00Z,Flujo Alimentación Digestor 3,20.98,outlier
2025-03-04T14:59:00Z,Flujo Alimentación Digestor 3,21.38,outlier
2025-03-05T00:23:00Z,Flujo Alimentación Digestor 3,20.23,outlier
2025-03-06T10:40:00Z,Flujo Alimentación Digestor 3,19.91,outlier
2025-03-06T16:21:00Z,Flujo Alimentación Digestor 3,34.58,outlier
2025-03-09T08:32:00Z,Flujo Alimentación Digestor 3,23.33,outlier
2025-03-15T03:19:00Z,Flujo Alimentación Digestor 3,21.55739974975586,outlier
2025-03-16T06:14:00Z,Flujo Alimentación Digestor 3,21.93560028076172,outlier
2025-03-22T20:30:00Z,Flujo Alimentación Digestor 3,18.89780044555664,outlier
2025-03-24T13:42:00Z,Flujo Alimentación Digestor 3,21.856300354003903,outlier
2025-04-03T05:00:00Z,Flujo Alimentación Digestor 3,20.349600315094,outlier
2025-04-08T00:22:00Z,Flujo Alimentación Digestor 3,20.1299991607666,outlier
2025-04-11T14:38:00Z,Flujo Alimentación Digestor 3,21.58180046081543,outlier
2025-04-19T09:20:00Z,Flujo Alimentación Digestor 3,21.319499969482425,outlier
2025-04-21T00:12:00Z,Flujo Alimentación Digestor 3,21.441499710083008,outlier
2025-04-24T17:09:00Z,Flujo Alimentación Digestor 3,21.74040031433105,outlier
2025-04-27T12:41:00Z,Flujo Alimentación Digestor 3,30.7012996673584,outlier
2025-05-04T06:53:00Z,Flujo Alimentación Digestor 3,28.91399955749512,outlier
2025-05-05T14:36:00Z,Flujo Alimentación Digestor 3,28.108800888061523,outlier
2025-06-17T06:35:00Z,Flujo Alimentación Digestor 3,24.13159942626953,outlier
2025-06-20T06:44:00Z,Flujo Alimentación Digestor 3,24.284099578857425,outlier
2025-06-26T07:54:00Z,Flujo Alimentación Digestor 3,37.30149841308594,outlier
2025-05-01T11:33:00Z,Flujo Alimentación Digestor 3,34.1234016418457,outlier
2025-07-04T05:31:00Z,Flujo Alimentación Digestor 3,23.87845039367676,outlier
2025-07-05T20:38:00Z,Flujo Alimentación Digestor 3,21.856300354003903,outlier
2025-07-09T14:22:00Z,Flujo Alimentación Digestor 3,26.492300033569336,outlier
2025-07-18T14:07:00Z,Flujo Alimentación Digestor 3,26.6692008972168,outlier
2025-07-31T12:37:00Z,Flujo Alimentación Digestor 3,20.22760009765625,outlier
2025-08-03T04:16:00Z,Flujo Alimentación Digestor 3,21.00230026245117,outlier
2025-08-03T05:23:00Z,Flujo Alimentación Digestor 3,22.771299362182617,outlier
2025-04-30T15:34:00Z,Flujo Alimentación Digestor 3,30.64640045166016,outlier
2025-05-10T17:24:00Z,Flujo Alimentación Digestor 3,28.26129913330078,outlier
2025-05-14T11:21:00Z,Flujo Alimentación Digestor 3,30.243799209594727,outlier
2025-05-23T10:24:00Z,Flujo Alimentación Digestor 3,29.035999298095703,outlier
2025-02-26T17:28:00Z,Flujo Alimentación Digestor 2,31.5,outlier
2025-03-07T11:38:00Z,Flujo Alimentación Digestor 2,17.42,outlier
2025-04-16T19:04:00Z,Flujo Alimentación Digestor 2,17.027999877929688,outlier
2025-04-30T22:01:00Z,Flujo Alimentación Digestor 1,15.229499816894531,outlier
2025-05-03T13:20:00Z,Flujo Alimentación Digestor 1,14.904000282287598,outlier
2025-05-07T15:12:00Z,Flujo Alimentación Digestor 1,14.883000373840332,outlier
2025-05-09T20:03:00Z,Flujo Alimentación Digestor 1,15.083999633789062,outlier
2025-05-20T15:10:00Z,Flujo Alimentación Digestor 1,15.294000625610352,outlier
2025-05-24T08:53:00Z,Flujo Alimentación Digestor 1,20.73600006103516,outlier
2025-05-29T05:59:00Z,Flujo Alimentación Digestor 1,16.2810001373291,outlier
2025-06-02T22:04:00Z,Flujo Alimentación Digestor 1,26.108999252319336,outlier
2025-06-15T00:13:00Z,Flujo Alimentación Digestor 1,15.621000289916992,outlier
2025-07-11T14:39:00Z,Flujo Alimentación Digestor 1,15.714000701904297,outlier
2025-07-30T23:57:00Z,Flujo Alimentación Digestor 1,16.2239990234375,outlier
2025-02-26T01:49:00Z,Flujo Afluente PTAR,0.0,outlier
2025-05-14T16:10:00Z,Flujo Afluente PTAR,36.39999771118164,outlier
2025-05-14T16:14:00Z,Flujo Afluente PTAR,0.0,outlier
2025-07-19T10:00:00Z,Flujo Afluente PTAR,0.0,outlier
2025-05-14T16:11:00Z,Flujo Afluente PTAR,794.5,outlier
2025-05-05T15:35:00Z,Flujo Cámara de contacto 1,2903.0,outlier
2025-05-05T15:36:00Z,Flujo Cámara de contacto 1,3304.0,outlier
2025-05-05T15:37:00Z,Flujo Cámara de contacto 1,3416.0,outlier
2025-05-05T15:38:00Z,Flujo Cámara de contacto 1,3591.000244140625,outlier
2025-05-05T15:39:00Z,Flujo Cámara de contacto 1,3635.0,outlier
2025-05-05T15:40:00Z,Flujo Cámara de contacto 1,3655.5,outlier
2025-05-05T15:41:00Z,Flujo Cámara de contacto 1,3742.5,outlier
2025-05-05T15:42:00Z,Flujo Cámara de contacto 1,3815.0,outlier
2025-05-05T15:43:00Z,Flujo Cámara de contacto 1,3802.5,outlier
2025-05-05T15:44:00Z,Flujo Cámara de contacto 1,3798.5,outlier
2025-05-05T15:45:00Z,Flujo Cámara de contacto 1,3817.0,outlier
2025-05-05T15:46:00Z,Flujo Cámara de contacto 1,3666.0,outlier
2025-05-05T15:47:00Z,Flujo Cámara de contacto 1,2852.999755859375,outlier
